Date,MMM
2001-02-07,55.94
2001-02-08,56.02
2001-02-09,55.33
2001-02-12,56.24
2001-02-13,57.07
2001-02-14,55.48
2001-02-15,57.38
2001-02-16,56.61
2001-02-20,56.92
2001-02-21,55.63
2001-02-22,55.12
2001-02-23,55.2
2001-02-26,55.68
2001-02-27,56.5
2001-02-28,56.38
2001-03-01,54.8
2001-03-02,55.66
2001-03-05,56.1
2001-03-06,56.12
2001-03-07,56.46
2001-03-08,58.6
2001-03-09,58.2
2001-03-12,55.9
2001-03-13,53.85
2001-03-14,53.76
2001-03-15,54.62
2001-03-16,53.0
2001-03-19,53.99
2001-03-20,52.62
2001-03-21,51.82
2001-03-22,50.9
2001-03-23,50.88
2001-03-26,52.02
2001-03-27,52.7
2001-03-28,52.42
2001-03-29,51.4
2001-03-30,51.95
2001-04-02,51.02
2001-04-03,49.96
2001-04-04,49.31
2001-04-05,51.62
2001-04-06,51.0
2001-04-09,52.29
2001-04-10,54.28
2001-04-11,53.4
2001-04-12,53.86
2001-04-16,55.24
2001-04-17,54.45
2001-04-18,58.0
2001-04-19,58.25
2001-04-20,56.25
2001-04-23,58.15
2001-04-24,58.06
2001-04-25,58.52
2001-04-26,58.92
2001-04-27,59.49
2001-04-30,59.5
2001-05-01,58.76
2001-05-02,58.28
2001-05-03,58.88
2001-05-04,60.0
2001-05-07,58.95
2001-05-08,58.18
2001-05-09,58.46
2001-05-10,59.02
2001-05-11,58.69
2001-05-14,59.15
2001-05-15,59.08
2001-05-16,62.75
2001-05-17,61.86
2001-05-18,61.52
2001-05-21,61.54
2001-05-22,60.5
2001-05-23,60.32
2001-05-24,59.49
2001-05-25,59.38
2001-05-29,59.88
2001-05-30,58.68
2001-05-31,59.29
2001-06-01,59.7
2001-06-04,60.0
2001-06-05,60.75
2001-06-06,60.8
2001-06-07,60.9
2001-06-08,60.06
2001-06-11,60.17
2001-06-12,61.04
2001-06-13,60.98
2001-06-14,60.38
2001-06-15,60.44
2001-06-18,61.12
2001-06-19,60.18
2001-06-20,59.3
2001-06-21,58.17
2001-06-22,58.39
2001-06-25,57.84
2001-06-26,57.5
2001-06-27,57.15
2001-06-28,57.93
2001-06-29,57.05
2001-07-02,58.63
2001-07-03,58.42
2001-07-05,58.22
2001-07-06,57.3
2001-07-09,57.42
2001-07-10,55.82
2001-07-11,55.87
2001-07-12,56.76
2001-07-13,56.12
2001-07-16,55.02
2001-07-17,56.43
2001-07-18,56.88
2001-07-19,57.32
2001-07-20,56.5
2001-07-23,55.66
2001-07-24,53.53
2001-07-25,55.18
2001-07-26,55.73
2001-07-27,55.74
2001-07-30,54.62
2001-07-31,55.94
2001-08-01,55.5
2001-08-02,55.64
2001-08-03,55.86
2001-08-06,54.68
2001-08-07,55.42
2001-08-08,54.1
2001-08-09,53.76
2001-08-10,54.92
2001-08-13,55.25
2001-08-14,54.55
2001-08-15,54.82
2001-08-16,54.51
2001-08-17,54.34
2001-08-20,54.3
2001-08-21,53.88
2001-08-22,54.9
2001-08-23,54.18
2001-08-24,55.3
2001-08-27,55.28
2001-08-28,54.65
2001-08-29,53.38
2001-08-30,52.1
2001-08-31,52.05
2001-09-04,52.28
2001-09-05,52.5
2001-09-06,51.95
2001-09-07,50.39
2001-09-10,51.1
2001-09-17,47.72
2001-09-18,47.07
2001-09-19,46.22
2001-09-20,45.16
2001-09-21,43.49
2001-09-24,45.84
2001-09-25,46.56
2001-09-26,46.69
2001-09-27,48.16
2001-09-28,49.2
2001-10-01,48.43
2001-10-02,48.6
2001-10-03,49.8
2001-10-04,49.82
2001-10-05,49.87
2001-10-08,49.22
2001-10-09,49.22
2001-10-10,50.92
2001-10-11,53.07
2001-10-12,52.24
2001-10-15,52.9
2001-10-16,53.1
2001-10-17,51.58
2001-10-18,51.48
2001-10-19,51.08
2001-10-22,53.7
2001-10-23,53.2
2001-10-24,53.35
2001-10-25,54.35
2001-10-26,54.92
2001-10-29,53.26
2001-10-30,52.68
2001-10-31,52.19
2001-11-01,53.14
2001-11-02,54.1
2001-11-05,55.25
2001-11-06,54.69
2001-11-07,55.22
2001-11-08,55.7
2001-11-09,55.77
2001-11-12,55.48
2001-11-13,56.7
2001-11-14,57.43
2001-11-15,57.31
2001-11-16,57.5
2001-11-19,58.36
2001-11-20,58.08
2001-11-21,57.68
2001-11-23,58.62
2001-11-26,58.48
2001-11-27,58.12
2001-11-28,57.3
2001-11-29,57.62
2001-11-30,57.29
2001-12-03,56.94
2001-12-04,58.22
2001-12-05,59.43
2001-12-06,59.42
2001-12-07,59.15
2001-12-10,57.8
2001-12-11,57.92
2001-12-12,58.0
2001-12-13,57.52
2001-12-14,57.9
2001-12-17,58.65
2001-12-18,59.75
2001-12-19,59.9
2001-12-20,59.24
2001-12-21,59.6
2001-12-24,59.71
2001-12-26,60.32
2001-12-27,60.08
2001-12-28,59.96
2001-12-31,59.1
2002-01-02,58.57
2002-01-03,58.38
2002-01-04,58.55
2002-01-07,57.85
2002-01-08,57.52
2002-01-09,57.32
2002-01-10,56.6
2002-01-11,56.9
2002-01-14,55.88
2002-01-15,54.75
2002-01-16,51.85
2002-01-17,52.26
2002-01-18,53.4
2002-01-22,53.21
2002-01-23,53.73
2002-01-24,54.73
2002-01-25,55.62
2002-01-28,55.27
2002-01-29,54.32
2002-01-30,54.94
2002-01-31,55.5
2002-02-01,56.64
2002-02-04,54.75
2002-02-05,54.34
2002-02-06,54.84
2002-02-07,54.76
2002-02-08,55.6
2002-02-11,57.0
2002-02-12,57.08
2002-02-13,57.9
2002-02-14,58.45
2002-02-15,57.76
2002-02-19,57.0
2002-02-20,58.55
2002-02-21,58.0
2002-02-22,59.5
2002-02-25,60.22
2002-02-26,59.65
2002-02-27,59.5
2002-02-28,58.96
2002-03-01,60.16
2002-03-04,61.5
2002-03-05,60.08
2002-03-06,60.78
2002-03-07,60.56
2002-03-08,60.75
2002-03-11,60.25
2002-03-12,60.65
2002-03-13,59.75
2002-03-14,60.3
2002-03-15,60.7
2002-03-18,61.1
2002-03-19,60.85
2002-03-20,59.95
2002-03-21,59.15
2002-03-22,58.2
2002-03-25,57.85
2002-03-26,58.32
2002-03-27,58.48
2002-03-28,57.5
2002-04-01,57.63
2002-04-02,57.5
2002-04-03,56.46
2002-04-04,57.06
2002-04-05,60.96
2002-04-08,61.82
2002-04-09,62.46
2002-04-10,62.57
2002-04-11,61.92
2002-04-12,61.11
2002-04-15,60.78
2002-04-16,62.2
2002-04-17,61.76
2002-04-18,61.84
2002-04-19,62.44
2002-04-22,62.5
2002-04-23,62.14
2002-04-24,62.75
2002-04-25,63.48
2002-04-26,62.2
2002-04-29,61.32
2002-04-30,62.9
2002-05-01,63.0
2002-05-02,63.58
2002-05-03,63.5
2002-05-06,62.11
2002-05-07,62.14
2002-05-08,63.09
2002-05-09,63.15
2002-05-10,63.45
2002-05-13,64.25
2002-05-14,65.0
2002-05-15,64.75
2002-05-16,64.7
2002-05-17,65.04
2002-05-20,64.12
2002-05-21,63.49
2002-05-22,63.77
2002-05-23,64.24
2002-05-24,63.98
2002-05-28,63.39
2002-05-29,62.5
2002-05-30,62.55
2002-05-31,62.72
2002-06-03,62.22
2002-06-04,62.54
2002-06-05,62.86
2002-06-06,61.78
2002-06-07,62.22
2002-06-10,63.0
2002-06-11,62.74
2002-06-12,63.78
2002-06-13,62.9
2002-06-14,63.02
2002-06-17,63.55
2002-06-18,64.25
2002-06-19,63.88
2002-06-20,63.4
2002-06-21,62.0
2002-06-24,62.06
2002-06-25,61.3
2002-06-26,61.21
2002-06-27,62.58
2002-06-28,61.5
2002-07-01,63.7
2002-07-02,62.88
2002-07-03,63.05
2002-07-05,64.94
2002-07-08,64.58
2002-07-09,64.0
2002-07-10,62.0
2002-07-11,60.7
2002-07-12,60.44
2002-07-15,59.44
2002-07-16,57.95
2002-07-17,58.73
2002-07-18,58.32
2002-07-19,54.44
2002-07-22,54.5
2002-07-23,55.88
2002-07-24,59.86
2002-07-25,59.98
2002-07-26,60.42
2002-07-29,63.33
2002-07-30,62.74
2002-07-31,62.92
2002-08-01,61.06
2002-08-02,59.94
2002-08-05,58.35
2002-08-06,60.66
2002-08-07,61.9
2002-08-08,63.1
2002-08-09,63.08
2002-08-12,62.82
2002-08-13,62.0
2002-08-14,63.26
2002-08-15,63.4
2002-08-16,63.29
2002-08-19,64.65
2002-08-20,64.44
2002-08-21,64.4
2002-08-22,63.62
2002-08-23,63.14
2002-08-26,63.62
2002-08-27,63.44
2002-08-28,62.49
2002-08-29,62.32
2002-08-30,62.48
2002-09-03,60.02
2002-09-04,60.32
2002-09-05,60.36
2002-09-06,61.32
2002-09-09,62.03
2002-09-10,62.6
2002-09-11,61.95
2002-09-12,61.16
2002-09-13,59.92
2002-09-16,59.53
2002-09-17,58.34
2002-09-18,59.18
2002-09-19,58.6
2002-09-20,59.73
2002-09-23,58.74
2002-09-24,56.56
2002-09-25,56.65
2002-09-26,57.88
2002-09-27,56.28
2002-09-30,54.98
2002-10-01,58.14
2002-10-02,57.24
2002-10-03,57.51
2002-10-04,57.25
2002-10-07,55.44
2002-10-08,56.88
2002-10-09,56.16
2002-10-10,58.28
2002-10-11,60.3
2002-10-14,60.48
2002-10-15,62.62
2002-10-16,61.66
2002-10-17,62.54
2002-10-18,62.66
2002-10-21,64.5
2002-10-22,64.4
2002-10-23,64.68
2002-10-24,62.86
2002-10-25,63.86
2002-10-28,62.68
2002-10-29,62.88
2002-10-30,63.66
2002-10-31,63.47
2002-11-01,64.02
2002-11-04,64.15
2002-11-05,64.42
2002-11-06,65.24
2002-11-07,64.3
2002-11-08,64.14
2002-11-11,63.18
2002-11-12,63.9
2002-11-13,64.34
2002-11-14,65.0
2002-11-15,64.75
2002-11-18,63.75
2002-11-19,64.01
2002-11-20,64.36
2002-11-21,65.49
2002-11-22,64.86
2002-11-25,64.32
2002-11-26,62.7
2002-11-27,64.82
2002-11-29,64.92
2002-12-02,64.18
2002-12-03,64.1
2002-12-04,64.0
2002-12-05,62.95
2002-12-06,63.05
2002-12-09,62.02
2002-12-10,62.55
2002-12-11,62.36
2002-12-12,61.82
2002-12-13,60.88
2002-12-16,61.82
2002-12-17,60.75
2002-12-18,60.43
2002-12-19,60.15
2002-12-20,62.06
2002-12-23,61.78
2002-12-24,61.72
2002-12-26,61.62
2002-12-27,60.67
2002-12-30,61.48
2002-12-31,61.65
2003-01-02,63.38
2003-01-03,63.14
2003-01-06,63.6
2003-01-07,63.54
2003-01-08,62.85
2003-01-09,63.84
2003-01-10,63.31
2003-01-13,63.27
2003-01-14,63.99
2003-01-15,63.51
2003-01-16,63.32
2003-01-17,63.16
2003-01-21,62.82
2003-01-22,63.75
2003-01-23,64.48
2003-01-24,63.18
2003-01-27,62.54
2003-01-28,62.92
2003-01-29,63.3
2003-01-30,61.96
2003-01-31,62.28
2003-02-03,62.5
2003-02-04,61.55
2003-02-05,61.57
2003-02-06,61.51
2003-02-07,61.24
2003-02-10,61.84
2003-02-11,61.54
2003-02-12,61.12
2003-02-13,61.2
2003-02-14,62.54
2003-02-18,63.3
2003-02-19,62.94
2003-02-20,62.42
2003-02-21,63.42
2003-02-24,62.51
2003-02-25,62.85
2003-02-26,62.4
2003-02-27,63.09
2003-02-28,62.68
2003-03-03,62.38
2003-03-04,61.85
2003-03-05,62.55
2003-03-06,61.74
2003-03-07,62.25
2003-03-10,60.84
2003-03-11,60.5
2003-03-12,60.73
2003-03-13,62.72
2003-03-14,62.78
2003-03-17,64.75
2003-03-18,64.98
2003-03-19,64.86
2003-03-20,65.3
2003-03-21,67.18
2003-03-24,65.29
2003-03-25,66.15
2003-03-26,65.86
2003-03-27,65.83
2003-03-28,65.26
2003-03-31,65.02
2003-04-01,65.42
2003-04-02,66.83
2003-04-03,66.92
2003-04-04,66.99
2003-04-07,66.28
2003-04-08,66.74
2003-04-09,65.8
2003-04-10,66.39
2003-04-11,66.46
2003-04-14,66.62
2003-04-15,66.82
2003-04-16,64.5
2003-04-17,64.99
2003-04-21,64.92
2003-04-22,64.88
2003-04-23,63.9
2003-04-24,62.86
2003-04-25,61.45
2003-04-28,63.4
2003-04-29,63.48
2003-04-30,63.02
2003-05-01,62.45
2003-05-02,63.08
2003-05-05,62.4
2003-05-06,61.41
2003-05-07,60.76
2003-05-08,61.54
2003-05-09,61.4
2003-05-12,62.22
2003-05-13,61.74
2003-05-14,61.58
2003-05-15,62.92
2003-05-16,62.72
2003-05-19,61.99
2003-05-20,62.38
2003-05-21,61.64
2003-05-22,62.38
2003-05-23,61.75
2003-05-27,63.05
2003-05-28,62.5
2003-05-29,61.66
2003-05-30,63.24
2003-06-02,62.5
2003-06-03,63.09
2003-06-04,63.5
2003-06-05,62.83
2003-06-06,63.2
2003-06-09,63.1
2003-06-10,63.1
2003-06-11,63.98
2003-06-12,64.18
2003-06-13,63.9
2003-06-16,65.24
2003-06-17,65.04
2003-06-18,65.87
2003-06-19,65.7
2003-06-20,65.39
2003-06-23,64.78
2003-06-24,64.96
2003-06-25,64.65
2003-06-26,65.15
2003-06-27,64.3
2003-06-30,64.49
2003-07-01,64.44
2003-07-02,64.94
2003-07-03,64.19
2003-07-07,65.06
2003-07-08,64.9
2003-07-09,64.66
2003-07-10,64.45
2003-07-11,64.62
2003-07-14,64.48
2003-07-15,64.04
2003-07-16,63.81
2003-07-17,63.66
2003-07-18,65.09
2003-07-21,68.18
2003-07-22,68.82
2003-07-23,69.38
2003-07-24,69.68
2003-07-25,70.7
2003-07-28,70.49
2003-07-29,69.78
2003-07-30,69.7
2003-07-31,70.1
2003-08-01,69.5
2003-08-04,70.06
2003-08-05,69.48
2003-08-06,69.1
2003-08-07,69.42
2003-08-08,69.98
2003-08-11,70.95
2003-08-12,71.98
2003-08-13,72.25
2003-08-14,71.07
2003-08-15,71.33
2003-08-18,72.17
2003-08-19,72.22
2003-08-20,71.91
2003-08-21,72.34
2003-08-22,71.76
2003-08-25,71.68
2003-08-26,72.07
2003-08-27,71.48
2003-08-28,71.12
2003-08-29,71.24
2003-09-02,70.08
2003-09-03,71.3
2003-09-04,70.0
2003-09-05,69.34
2003-09-08,68.99
2003-09-09,68.7
2003-09-10,68.3
2003-09-11,69.44
2003-09-12,69.12
2003-09-15,69.22
2003-09-16,70.4
2003-09-17,70.14
2003-09-18,70.92
2003-09-19,70.99
2003-09-22,71.06
2003-09-23,71.38
2003-09-24,70.58
2003-09-25,70.8
2003-09-26,71.72
2003-09-29,70.27
2003-09-30,69.07
2003-10-01,70.9
2003-10-02,71.28
2003-10-03,73.03
2003-10-06,72.94
2003-10-07,73.3
2003-10-08,72.7
2003-10-09,74.14
2003-10-10,74.04
2003-10-13,74.52
2003-10-14,74.67
2003-10-15,73.7
2003-10-16,73.59
2003-10-17,74.05
2003-10-20,75.48
2003-10-21,75.5
2003-10-22,75.82
2003-10-23,75.93
2003-10-24,75.68
2003-10-27,75.74
2003-10-28,77.25
2003-10-29,77.57
2003-10-30,78.06
2003-10-31,78.87
2003-11-03,78.79
2003-11-04,79.5
2003-11-05,79.17
2003-11-06,79.6
2003-11-07,79.04
2003-11-10,78.84
2003-11-11,78.5
2003-11-12,78.9
2003-11-13,79.65
2003-11-14,78.53
2003-11-17,78.19
2003-11-18,77.21
2003-11-19,76.85
2003-11-20,76.8
2003-11-21,77.51
2003-11-24,79.56
2003-11-25,79.17
2003-11-26,79.28
2003-11-28,79.04
2003-12-01,81.62
2003-12-02,80.95
2003-12-03,80.99
2003-12-04,81.3
2003-12-05,80.74
2003-12-08,81.95
2003-12-09,82.02
2003-12-10,80.94
2003-12-11,81.24
2003-12-12,81.47
2003-12-15,82.0
2003-12-16,82.98
2003-12-17,83.46
2003-12-18,83.43
2003-12-19,84.07
2003-12-22,85.25
2003-12-23,84.61
2003-12-24,84.24
2003-12-26,84.21
2003-12-29,84.5
2003-12-30,84.28
2003-12-31,85.03
2004-01-02,83.37
2004-01-05,84.96
2004-01-06,84.7
2004-01-07,83.24
2004-01-08,82.68
2004-01-09,82.4
2004-01-12,83.17
2004-01-13,82.88
2004-01-14,83.7
2004-01-15,84.3
2004-01-16,85.48
2004-01-20,80.41
2004-01-21,81.75
2004-01-22,82.11
2004-01-23,81.96
2004-01-26,82.47
2004-01-27,82.1
2004-01-28,80.0
2004-01-29,79.52
2004-01-30,79.09
2004-02-02,78.0
2004-02-03,78.9
2004-02-04,79.45
2004-02-05,79.0
2004-02-06,79.81
2004-02-09,79.39
2004-02-10,81.25
2004-02-11,81.4
2004-02-12,80.98
2004-02-13,79.68
2004-02-17,80.32
2004-02-18,79.66
2004-02-19,79.1
2004-02-20,79.7
2004-02-23,80.44
2004-02-24,79.48
2004-02-25,78.57
2004-02-26,78.18
2004-02-27,78.02
2004-03-01,78.78
2004-03-02,78.31
2004-03-03,78.95
2004-03-04,78.89
2004-03-05,78.66
2004-03-08,77.67
2004-03-09,77.85
2004-03-10,76.0
2004-03-11,75.35
2004-03-12,76.22
2004-03-15,74.87
2004-03-16,78.81
2004-03-17,79.56
2004-03-18,79.88
2004-03-19,79.76
2004-03-22,79.71
2004-03-23,79.6
2004-03-24,79.43
2004-03-25,81.02
2004-03-26,79.98
2004-03-29,80.8
2004-03-30,81.68
2004-03-31,81.87
2004-04-01,81.05
2004-04-02,81.78
2004-04-05,82.75
2004-04-06,82.83
2004-04-07,82.75
2004-04-08,82.43
2004-04-12,83.62
2004-04-13,82.39
2004-04-14,82.66
2004-04-15,82.85
2004-04-16,83.73
2004-04-19,83.76
2004-04-20,83.2
2004-04-21,83.92
2004-04-22,86.95
2004-04-23,87.9
2004-04-26,87.75
2004-04-27,88.38
2004-04-28,86.72
2004-04-29,86.12
2004-04-30,86.48
2004-05-03,87.03
2004-05-04,86.5
2004-05-05,85.75
2004-05-06,84.77
2004-05-07,84.43
2004-05-10,83.54
2004-05-11,84.15
2004-05-12,85.35
2004-05-13,84.51
2004-05-14,83.81
2004-05-17,83.22
2004-05-18,83.12
2004-05-19,82.31
2004-05-20,82.2
2004-05-21,82.92
2004-05-24,82.55
2004-05-25,83.64
2004-05-26,84.0
2004-05-27,84.95
2004-05-28,84.56
2004-06-01,84.83
2004-06-02,85.61
2004-06-03,84.77
2004-06-04,84.86
2004-06-07,85.18
2004-06-08,86.13
2004-06-09,85.41
2004-06-10,86.22
2004-06-14,85.15
2004-06-15,85.55
2004-06-16,85.25
2004-06-17,85.93
2004-06-18,87.09
2004-06-21,87.28
2004-06-22,89.5
2004-06-23,89.55
2004-06-24,88.58
2004-06-25,88.66
2004-06-28,88.69
2004-06-29,89.8
2004-06-30,90.01
2004-07-01,88.17
2004-07-02,87.5
2004-07-06,87.55
2004-07-07,88.43
2004-07-08,87.74
2004-07-09,87.65
2004-07-12,87.9
2004-07-13,87.38
2004-07-14,88.19
2004-07-15,88.62
2004-07-16,87.84
2004-07-19,83.05
2004-07-20,85.0
2004-07-21,83.58
2004-07-22,83.7
2004-07-23,82.62
2004-07-26,81.63
2004-07-27,83.05
2004-07-28,81.99
2004-07-29,82.12
2004-07-30,82.36
2004-08-02,83.55
2004-08-03,82.93
2004-08-04,83.18
2004-08-05,81.57
2004-08-06,79.87
2004-08-09,79.45
2004-08-10,79.61
2004-08-11,79.23
2004-08-12,77.79
2004-08-13,77.66
2004-08-16,78.23
2004-08-17,78.68
2004-08-18,80.0
2004-08-19,79.98
2004-08-20,80.27
2004-08-23,80.36
2004-08-24,80.58
2004-08-25,81.2
2004-08-26,81.27
2004-08-27,81.48
2004-08-30,81.3
2004-08-31,82.36
2004-09-01,82.86
2004-09-02,83.54
2004-09-03,83.94
2004-09-07,84.22
2004-09-08,83.85
2004-09-09,83.85
2004-09-10,84.69
2004-09-13,84.65
2004-09-14,83.92
2004-09-15,82.0
2004-09-16,82.05
2004-09-17,82.32
2004-09-20,80.94
2004-09-21,81.57
2004-09-22,80.23
2004-09-23,78.7
2004-09-24,78.68
2004-09-27,77.69
2004-09-28,79.07
2004-09-29,78.78
2004-09-30,79.97
2004-10-01,79.69
2004-10-04,78.94
2004-10-05,78.76
2004-10-06,81.14
2004-10-07,79.66
2004-10-08,79.26
2004-10-11,79.22
2004-10-12,78.63
2004-10-13,77.98
2004-10-14,77.6
2004-10-15,77.98
2004-10-18,76.1
2004-10-19,75.39
2004-10-20,76.8
2004-10-21,77.6
2004-10-22,75.88
2004-10-25,75.57
2004-10-26,76.22
2004-10-27,77.57
2004-10-28,77.15
2004-10-29,77.57
2004-11-01,76.91
2004-11-02,75.88
2004-11-03,75.29
2004-11-04,78.08
2004-11-05,81.4
2004-11-08,81.38
2004-11-09,81.19
2004-11-10,80.85
2004-11-11,81.88
2004-11-12,82.68
2004-11-15,82.28
2004-11-16,81.77
2004-11-17,82.23
2004-11-18,82.37
2004-11-19,80.95
2004-11-22,80.74
2004-11-23,80.24
2004-11-24,80.25
2004-11-26,80.16
2004-11-29,80.0
2004-11-30,79.59
2004-12-01,80.45
2004-12-02,79.91
2004-12-03,81.08
2004-12-06,80.37
2004-12-07,78.87
2004-12-08,79.24
2004-12-09,78.97
2004-12-10,78.8
2004-12-13,78.48
2004-12-14,78.5
2004-12-15,79.09
2004-12-16,79.9
2004-12-17,80.62
2004-12-20,80.75
2004-12-21,81.1
2004-12-22,81.51
2004-12-23,82.55
2004-12-27,82.24
2004-12-28,82.99
2004-12-29,82.74
2004-12-30,82.75
2004-12-31,82.07
2005-01-03,82.4
2005-01-04,81.73
2005-01-05,80.73
2005-01-06,81.46
2005-01-07,82.3
2005-01-10,83.94
2005-01-11,84.71
2005-01-12,84.96
2005-01-13,83.79
2005-01-14,83.97
2005-01-18,82.02
2005-01-19,82.17
2005-01-20,82.95
2005-01-21,81.27
2005-01-24,81.62
2005-01-25,82.82
2005-01-26,83.42
2005-01-27,82.89
2005-01-28,83.25
2005-01-31,84.36
2005-02-01,84.08
2005-02-02,83.34
2005-02-03,83.34
2005-02-04,84.08
2005-02-07,83.88
2005-02-08,84.34
2005-02-09,83.35
2005-02-10,83.9
2005-02-11,84.04
2005-02-14,84.61
2005-02-15,85.99
2005-02-16,86.8
2005-02-17,85.71
2005-02-18,85.55
2005-02-22,84.06
2005-02-23,83.92
2005-02-24,84.27
2005-02-25,84.6
2005-02-28,83.94
2005-03-01,84.47
2005-03-02,84.56
2005-03-03,84.9
2005-03-04,86.46
2005-03-07,86.71
2005-03-08,86.38
2005-03-09,86.12
2005-03-10,86.65
2005-03-11,85.63
2005-03-14,85.9
2005-03-15,85.86
2005-03-16,86.0
2005-03-17,85.97
2005-03-18,86.16
2005-03-21,85.67
2005-03-22,85.38
2005-03-23,85.07
2005-03-24,85.28
2005-03-28,85.17
2005-03-29,84.65
2005-03-30,85.98
2005-03-31,85.69
2005-04-01,85.12
2005-04-04,84.7
2005-04-05,84.47
2005-04-06,84.82
2005-04-07,85.16
2005-04-08,84.55
2005-04-11,84.47
2005-04-12,85.25
2005-04-13,84.22
2005-04-14,82.38
2005-04-15,80.86
2005-04-18,75.9
2005-04-19,76.93
2005-04-20,75.9
2005-04-21,77.89
2005-04-22,77.06
2005-04-25,77.51
2005-04-26,76.13
2005-04-27,76.6
2005-04-28,75.23
2005-04-29,76.47
2005-05-02,76.88
2005-05-03,76.76
2005-05-04,77.35
2005-05-05,77.47
2005-05-06,77.33
2005-05-09,77.73
2005-05-10,76.61
2005-05-11,76.99
2005-05-12,75.78
2005-05-13,75.61
2005-05-16,76.42
2005-05-17,77.01
2005-05-18,78.1
2005-05-19,77.86
2005-05-20,77.06
2005-05-23,78.53
2005-05-24,78.19
2005-05-25,77.06
2005-05-26,76.98
2005-05-27,76.98
2005-05-31,76.65
2005-06-01,77.0
2005-06-02,76.57
2005-06-03,76.0
2005-06-06,76.16
2005-06-07,76.34
2005-06-08,76.56
2005-06-09,76.18
2005-06-10,75.79
2005-06-13,76.09
2005-06-14,76.66
2005-06-15,76.13
2005-06-16,76.67
2005-06-17,76.92
2005-06-20,77.19
2005-06-21,77.19
2005-06-22,77.88
2005-06-23,75.87
2005-06-24,75.48
2005-06-27,75.79
2005-06-28,77.1
2005-06-29,76.04
2005-06-30,72.3
2005-07-01,73.0
2005-07-05,73.62
2005-07-06,72.83
2005-07-07,73.81
2005-07-08,75.0
2005-07-11,76.13
2005-07-12,74.87
2005-07-13,75.12
2005-07-14,75.43
2005-07-15,75.45
2005-07-18,74.53
2005-07-19,74.29
2005-07-20,74.68
2005-07-21,74.55
2005-07-22,74.71
2005-07-25,74.17
2005-07-26,73.78
2005-07-27,73.65
2005-07-28,74.7
2005-07-29,75.0
2005-08-01,75.3
2005-08-02,74.88
2005-08-03,74.19
2005-08-04,73.35
2005-08-05,72.99
2005-08-08,72.34
2005-08-09,72.0
2005-08-10,72.0
2005-08-11,72.36
2005-08-12,71.94
2005-08-15,72.18
2005-08-16,71.66
2005-08-17,71.76
2005-08-18,71.92
2005-08-19,72.07
2005-08-22,71.92
2005-08-23,70.99
2005-08-24,71.32
2005-08-25,71.3
2005-08-26,70.99
2005-08-29,71.08
2005-08-30,70.98
2005-08-31,71.15
2005-09-01,70.86
2005-09-02,71.5
2005-09-06,72.7
2005-09-07,73.77
2005-09-08,73.12
2005-09-09,73.52
2005-09-12,74.23
2005-09-13,74.0
2005-09-14,73.72
2005-09-15,73.31
2005-09-16,73.35
2005-09-19,72.5
2005-09-20,72.35
2005-09-21,72.33
2005-09-22,72.8
2005-09-23,72.55
2005-09-26,73.13
2005-09-27,73.18
2005-09-28,72.68
2005-09-29,73.18
2005-09-30,73.36
2005-10-03,72.53
2005-10-04,71.5
2005-10-05,71.17
2005-10-06,71.11
2005-10-07,71.73
2005-10-10,71.39
2005-10-11,70.55
2005-10-12,70.38
2005-10-13,70.07
2005-10-14,70.72
2005-10-17,72.47
2005-10-18,74.71
2005-10-19,75.65
2005-10-20,74.9
2005-10-21,74.89
2005-10-24,75.56
2005-10-25,75.67
2005-10-26,75.17
2005-10-27,74.81
2005-10-28,76.24
2005-10-31,75.98
2005-11-01,74.86
2005-11-02,75.15
2005-11-03,75.14
2005-11-04,75.13
2005-11-07,75.85
2005-11-08,75.95
2005-11-09,76.09
2005-11-10,77.18
2005-11-11,77.55
2005-11-14,77.63
2005-11-15,78.06
2005-11-16,76.91
2005-11-17,77.26
2005-11-18,78.16
2005-11-21,79.23
2005-11-22,78.28
2005-11-23,78.13
2005-11-25,78.32
2005-11-28,78.2
2005-11-29,78.35
2005-11-30,78.48
2005-12-01,79.27
2005-12-02,79.4
2005-12-05,78.32
2005-12-06,77.7
2005-12-07,77.38
2005-12-08,76.94
2005-12-09,77.86
2005-12-12,77.11
2005-12-13,76.95
2005-12-14,77.55
2005-12-15,77.49
2005-12-16,77.09
2005-12-19,77.57
2005-12-20,77.43
2005-12-21,78.05
2005-12-22,78.64
2005-12-23,78.6
2005-12-27,77.38
2005-12-28,78.2
2005-12-29,78.29
2005-12-30,77.5
2006-01-03,79.11
2006-01-04,78.71
2006-01-05,77.99
2006-01-06,78.63
2006-01-09,79.02
2006-01-10,78.53
2006-01-11,78.37
2006-01-12,77.7
2006-01-13,77.5
2006-01-17,77.09
2006-01-18,76.99
2006-01-19,76.91
2006-01-20,75.24
2006-01-23,75.7
2006-01-24,74.2
2006-01-25,73.0
2006-01-26,72.7
2006-01-27,72.65
2006-01-30,72.65
2006-01-31,72.75
2006-02-01,73.19
2006-02-02,72.15
2006-02-03,71.1
2006-02-06,71.17
2006-02-07,70.65
2006-02-08,71.0
2006-02-09,72.12
2006-02-10,72.61
2006-02-13,72.91
2006-02-14,73.7
2006-02-15,73.13
2006-02-16,73.05
2006-02-17,73.77
2006-02-21,73.2
2006-02-22,72.98
2006-02-23,73.65
2006-02-24,73.91
2006-02-27,73.69
2006-02-28,73.59
2006-03-01,73.67
2006-03-02,73.05
2006-03-03,72.88
2006-03-06,71.95
2006-03-07,72.27
2006-03-08,72.38
2006-03-09,71.8
2006-03-10,72.32
2006-03-13,72.09
2006-03-14,73.53
2006-03-15,74.0
2006-03-16,74.89
2006-03-17,74.79
2006-03-20,75.0
2006-03-21,74.93
2006-03-22,76.07
2006-03-23,76.77
2006-03-24,76.8
2006-03-27,76.84
2006-03-28,76.3
2006-03-29,77.56
2006-03-30,76.52
2006-03-31,75.69
2006-04-03,75.84
2006-04-04,77.0
2006-04-05,77.46
2006-04-06,81.38
2006-04-07,81.03
2006-04-10,80.98
2006-04-11,80.79
2006-04-12,81.1
2006-04-13,80.97
2006-04-17,80.26
2006-04-18,81.59
2006-04-19,81.88
2006-04-20,82.6
2006-04-21,85.06
2006-04-24,85.46
2006-04-25,84.81
2006-04-26,85.52
2006-04-27,85.23
2006-04-28,85.43
2006-05-01,84.97
2006-05-02,84.5
2006-05-03,85.9
2006-05-04,86.47
2006-05-05,87.3
2006-05-08,88.13
2006-05-09,87.58
2006-05-10,87.65
2006-05-11,87.17
2006-05-12,86.57
2006-05-15,87.12
2006-05-16,86.76
2006-05-17,84.42
2006-05-18,84.15
2006-05-19,84.31
2006-05-22,83.73
2006-05-23,83.44
2006-05-24,83.82
2006-05-25,83.26
2006-05-26,83.87
2006-05-30,83.46
2006-05-31,83.66
2006-06-01,84.51
2006-06-02,84.78
2006-06-05,82.95
2006-06-06,82.26
2006-06-07,80.34
2006-06-08,81.75
2006-06-09,80.57
2006-06-12,80.16
2006-06-13,79.96
2006-06-14,79.9
2006-06-15,80.9
2006-06-16,80.51
2006-06-19,79.43
2006-06-20,79.89
2006-06-21,80.4
2006-06-22,79.59
2006-06-23,79.92
2006-06-26,80.21
2006-06-27,78.7
2006-06-28,79.28
2006-06-29,81.15
2006-06-30,80.77
2006-07-03,81.12
2006-07-05,80.55
2006-07-06,81.39
2006-07-07,74.1
2006-07-10,73.11
2006-07-11,73.09
2006-07-12,72.72
2006-07-13,71.63
2006-07-14,71.22
2006-07-17,70.66
2006-07-18,70.85
2006-07-19,71.02
2006-07-20,71.1
2006-07-21,70.72
2006-07-24,71.69
2006-07-25,68.11
2006-07-26,69.06
2006-07-27,69.75
2006-07-28,70.52
2006-07-31,70.4
2006-08-01,69.91
2006-08-02,69.61
2006-08-03,69.28
2006-08-04,69.45
2006-08-07,69.0
2006-08-08,68.56
2006-08-09,68.3
2006-08-10,68.41
2006-08-11,68.53
2006-08-14,68.62
2006-08-15,69.78
2006-08-16,70.79
2006-08-17,71.2
2006-08-18,71.21
2006-08-21,71.12
2006-08-22,71.29
2006-08-23,70.34
2006-08-24,70.1
2006-08-25,69.92
2006-08-28,70.94
2006-08-29,71.61
2006-08-30,71.44
2006-08-31,71.7
2006-09-01,71.72
2006-09-05,71.35
2006-09-06,71.5
2006-09-07,70.59
2006-09-08,71.51
2006-09-11,71.35
2006-09-12,72.57
2006-09-13,73.37
2006-09-14,73.53
2006-09-15,74.14
2006-09-18,73.89
2006-09-19,73.25
2006-09-20,73.42
2006-09-21,73.11
2006-09-22,73.07
2006-09-25,73.7
2006-09-26,74.75
2006-09-27,74.65
2006-09-28,74.6
2006-09-29,74.42
2006-10-02,73.59
2006-10-03,74.03
2006-10-04,74.87
2006-10-05,75.92
2006-10-06,75.95
2006-10-09,75.8
2006-10-10,75.2
2006-10-11,75.47
2006-10-12,75.43
2006-10-13,75.4
2006-10-16,75.75
2006-10-17,75.8
2006-10-18,75.53
2006-10-19,76.4
2006-10-20,78.47
2006-10-23,80.09
2006-10-24,79.89
2006-10-25,79.46
2006-10-26,79.24
2006-10-27,78.95
2006-10-30,78.94
2006-10-31,78.84
2006-11-01,78.84
2006-11-02,78.88
2006-11-03,78.58
2006-11-06,79.59
2006-11-07,79.42
2006-11-08,79.42
2006-11-09,78.9
2006-11-10,79.19
2006-11-13,79.5
2006-11-14,80.09
2006-11-15,80.71
2006-11-16,80.29
2006-11-17,81.4
2006-11-20,81.38
2006-11-21,81.64
2006-11-22,81.47
2006-11-24,81.15
2006-11-27,80.23
2006-11-28,80.41
2006-11-29,80.98
2006-11-30,81.46
2006-12-01,79.98
2006-12-04,80.89
2006-12-05,80.56
2006-12-06,79.8
2006-12-07,79.56
2006-12-08,78.56
2006-12-11,78.85
2006-12-12,79.01
2006-12-13,79.25
2006-12-14,78.77
2006-12-15,78.31
2006-12-18,78.35
2006-12-19,78.11
2006-12-20,78.83
2006-12-21,78.81
2006-12-22,78.35
2006-12-26,78.03
2006-12-27,78.47
2006-12-28,78.16
2006-12-29,77.93
2007-01-03,78.26
2007-01-04,77.95
2007-01-05,77.42
2007-01-08,77.59
2007-01-09,77.68
2007-01-10,77.85
2007-01-11,78.65
2007-01-12,79.36
2007-01-16,79.56
2007-01-17,78.91
2007-01-18,78.81
2007-01-19,79.25
2007-01-22,78.49
2007-01-23,78.85
2007-01-24,79.49
2007-01-25,79.01
2007-01-26,78.69
2007-01-29,78.96
2007-01-30,74.7
2007-01-31,74.3
2007-02-01,73.99
2007-02-02,73.87
2007-02-05,73.93
2007-02-06,74.27
2007-02-07,74.65
2007-02-08,74.64
2007-02-09,74.54
2007-02-12,74.59
2007-02-13,76.43
2007-02-14,76.84
2007-02-15,76.91
2007-02-16,76.84
2007-02-20,76.58
2007-02-21,76.23
2007-02-22,76.35
2007-02-23,76.21
2007-02-26,76.12
2007-02-27,74.5
2007-02-28,74.08
2007-03-01,73.66
2007-03-02,73.01
2007-03-05,73.17
2007-03-06,73.47
2007-03-07,73.8
2007-03-08,74.52
2007-03-09,74.73
2007-03-12,75.17
2007-03-13,74.77
2007-03-14,75.8
2007-03-15,75.99
2007-03-16,75.28
2007-03-19,76.36
2007-03-20,76.38
2007-03-21,76.9
2007-03-22,77.78
2007-03-23,77.97
2007-03-26,77.38
2007-03-27,77.17
2007-03-28,76.38
2007-03-29,76.09
2007-03-30,76.43
2007-04-02,76.28
2007-04-03,77.46
2007-04-04,77.16
2007-04-05,76.75
2007-04-09,76.83
2007-04-10,76.5
2007-04-11,76.23
2007-04-12,76.71
2007-04-13,76.72
2007-04-16,77.16
2007-04-17,77.28
2007-04-18,77.08
2007-04-19,77.58
2007-04-20,77.75
2007-04-23,77.28
2007-04-24,77.0
2007-04-25,76.97
2007-04-26,80.45
2007-04-27,81.55
2007-04-30,82.77
2007-05-01,83.61
2007-05-02,84.42
2007-05-03,84.07
2007-05-04,84.21
2007-05-07,84.93
2007-05-08,84.78
2007-05-09,85.36
2007-05-10,84.65
2007-05-11,85.55
2007-05-14,84.83
2007-05-15,86.17
2007-05-16,86.01
2007-05-17,86.67
2007-05-18,86.9
2007-05-21,87.06
2007-05-22,87.78
2007-05-23,87.94
2007-05-24,87.15
2007-05-25,87.35
2007-05-29,87.31
2007-05-30,87.93
2007-05-31,87.96
2007-06-01,88.43
2007-06-04,88.07
2007-06-05,87.46
2007-06-06,86.62
2007-06-07,84.88
2007-06-08,85.94
2007-06-11,85.3
2007-06-12,85.04
2007-06-13,87.19
2007-06-14,87.42
2007-06-15,87.67
2007-06-18,87.62
2007-06-19,87.82
2007-06-20,87.08
2007-06-21,87.41
2007-06-22,86.43
2007-06-25,86.25
2007-06-26,86.08
2007-06-27,87.13
2007-06-28,86.85
2007-06-29,86.79
2007-07-02,88.0
2007-07-03,87.94
2007-07-05,87.76
2007-07-06,88.11
2007-07-09,88.11
2007-07-10,87.22
2007-07-11,87.88
2007-07-12,89.93
2007-07-13,90.22
2007-07-16,90.87
2007-07-17,91.08
2007-07-18,91.48
2007-07-19,91.17
2007-07-20,90.21
2007-07-23,90.87
2007-07-24,89.69
2007-07-25,89.62
2007-07-26,90.05
2007-07-27,90.05
2007-07-30,90.18
2007-07-31,88.92
2007-08-01,89.07
2007-08-02,89.12
2007-08-03,87.56
2007-08-06,87.77
2007-08-07,88.03
2007-08-08,88.15
2007-08-09,86.86
2007-08-10,85.97
2007-08-13,86.25
2007-08-14,85.76
2007-08-15,85.06
2007-08-16,85.4
2007-08-17,87.83
2007-08-20,88.27
2007-08-21,88.46
2007-08-22,89.07
2007-08-23,88.75
2007-08-24,89.15
2007-08-27,88.7
2007-08-28,87.62
2007-08-29,88.76
2007-08-30,89.36
2007-08-31,90.99
2007-09-04,91.15
2007-09-05,89.92
2007-09-06,90.63
2007-09-07,88.92
2007-09-10,87.82
2007-09-11,88.24
2007-09-12,89.08
2007-09-13,89.09
2007-09-14,89.02
2007-09-17,88.93
2007-09-18,91.66
2007-09-19,91.96
2007-09-20,91.44
2007-09-21,91.68
2007-09-24,91.81
2007-09-25,91.91
2007-09-26,92.54
2007-09-27,93.39
2007-09-28,93.58
2007-10-01,94.74
2007-10-02,93.89
2007-10-03,94.19
2007-10-04,94.25
2007-10-05,95.85
2007-10-08,95.41
2007-10-09,95.62
2007-10-10,95.82
2007-10-11,94.36
2007-10-12,94.17
2007-10-15,94.39
2007-10-16,93.98
2007-10-17,94.26
2007-10-18,94.73
2007-10-19,86.62
2007-10-22,86.28
2007-10-23,85.93
2007-10-24,86.1
2007-10-25,86.09
2007-10-26,86.13
2007-10-29,85.97
2007-10-30,85.79
2007-10-31,86.36
2007-11-01,83.9
2007-11-02,84.89
2007-11-05,85.05
2007-11-06,85.45
2007-11-07,83.27
2007-11-08,82.83
2007-11-09,79.51
2007-11-12,79.22
2007-11-13,81.23
2007-11-14,80.21
2007-11-15,79.65
2007-11-16,81.57
2007-11-19,81.7
2007-11-20,82.11
2007-11-21,81.24
2007-11-23,82.75
2007-11-26,81.0
2007-11-27,82.12
2007-11-28,83.41
2007-11-29,83.61
2007-11-30,83.26
2007-12-03,82.21
2007-12-04,82.09
2007-12-05,83.76
2007-12-06,84.82
2007-12-07,86.19
2007-12-10,86.74
2007-12-11,84.65
2007-12-12,86.66
2007-12-13,86.92
2007-12-14,85.93
2007-12-17,85.78
2007-12-18,85.85
2007-12-19,84.93
2007-12-20,84.49
2007-12-21,86.05
2007-12-24,86.26
2007-12-26,86.07
2007-12-27,85.4
2007-12-28,85.09
2007-12-31,84.32
2008-01-02,82.71
2008-01-03,82.7
2008-01-04,81.76
2008-01-07,81.11
2008-01-08,80.21
2008-01-09,80.19
2008-01-10,80.21
2008-01-11,77.58
2008-01-14,78.5
2008-01-15,77.18
2008-01-16,77.3
2008-01-17,74.96
2008-01-18,74.91
2008-01-22,75.16
2008-01-23,76.1
2008-01-24,75.73
2008-01-25,75.51
2008-01-28,77.44
2008-01-29,78.02
2008-01-30,78.22
2008-01-31,79.65
2008-02-01,81.21
2008-02-04,80.57
2008-02-05,79.09
2008-02-06,79.18
2008-02-07,79.12
2008-02-08,78.56
2008-02-11,79.28
2008-02-12,79.1
2008-02-13,81.38
2008-02-14,80.29
2008-02-15,79.95
2008-02-19,79.85
2008-02-20,79.94
2008-02-21,78.96
2008-02-22,79.67
2008-02-25,81.0
2008-02-26,81.29
2008-02-27,80.48
2008-02-28,79.8
2008-02-29,78.4
2008-03-03,78.49
2008-03-04,78.41
2008-03-05,78.93
2008-03-06,77.95
2008-03-07,76.51
2008-03-10,75.48
2008-03-11,77.95
2008-03-12,78.42
2008-03-13,79.08
2008-03-14,77.53
2008-03-17,78.51
2008-03-18,80.95
2008-03-19,79.47
2008-03-20,77.98
2008-03-24,78.64
2008-03-25,78.98
2008-03-26,78.66
2008-03-27,77.86
2008-03-28,77.95
2008-03-31,79.15
2008-04-01,81.32
2008-04-02,80.91
2008-04-03,80.17
2008-04-04,80.52
2008-04-07,80.19
2008-04-08,79.88
2008-04-09,79.59
2008-04-10,80.35
2008-04-11,78.47
2008-04-14,78.26
2008-04-15,78.84
2008-04-16,80.69
2008-04-17,80.65
2008-04-18,82.9
2008-04-21,82.34
2008-04-22,81.18
2008-04-23,80.63
2008-04-24,79.13
2008-04-25,77.82
2008-04-28,77.13
2008-04-29,76.86
2008-04-30,76.9
2008-05-01,77.84
2008-05-02,78.55
2008-05-05,77.55
2008-05-06,77.76
2008-05-07,76.68
2008-05-08,76.95
2008-05-09,76.32
2008-05-12,77.67
2008-05-13,77.18
2008-05-14,77.73
2008-05-15,77.86
2008-05-16,78.66
2008-05-19,79.05
2008-05-20,77.53
2008-05-21,76.12
2008-05-22,76.64
2008-05-23,75.81
2008-05-27,76.17
2008-05-28,76.9
2008-05-29,77.76
2008-05-30,77.56
2008-06-02,76.25
2008-06-03,76.23
2008-06-04,76.36
2008-06-05,77.5
2008-06-06,74.86
2008-06-09,75.82
2008-06-10,76.0
2008-06-11,75.27
2008-06-12,75.55
2008-06-13,76.12
2008-06-16,75.2
2008-06-17,74.97
2008-06-18,74.3
2008-06-19,74.12
2008-06-20,73.02
2008-06-23,72.96
2008-06-24,72.43
2008-06-25,72.57
2008-06-26,70.26
2008-06-27,69.51
2008-06-30,69.59
2008-07-01,69.78
2008-07-02,68.48
2008-07-03,69.46
2008-07-07,69.85
2008-07-08,71.03
2008-07-09,68.64
2008-07-10,68.92
2008-07-11,68.72
2008-07-14,69.02
2008-07-15,67.69
2008-07-16,68.64
2008-07-17,69.45
2008-07-18,68.94
2008-07-21,68.73
2008-07-22,70.3
2008-07-23,70.8
2008-07-24,71.05
2008-07-25,70.95
2008-07-28,69.63
2008-07-29,70.49
2008-07-30,71.3
2008-07-31,70.39
2008-08-01,70.15
2008-08-04,69.75
2008-08-05,71.88
2008-08-06,71.81
2008-08-07,71.18
2008-08-08,73.48
2008-08-11,74.38
2008-08-12,73.6
2008-08-13,72.96
2008-08-14,73.04
2008-08-15,73.49
2008-08-18,72.45
2008-08-19,71.31
2008-08-20,70.69
2008-08-21,70.91
2008-08-22,72.28
2008-08-25,70.73
2008-08-26,70.72
2008-08-27,70.72
2008-08-28,72.5
2008-08-29,71.6
2008-09-02,71.12
2008-09-03,70.83
2008-09-04,69.74
2008-09-05,69.19
2008-09-08,71.18
2008-09-09,69.45
2008-09-10,68.68
2008-09-11,69.94
2008-09-12,70.15
2008-09-15,68.88
2008-09-16,69.73
2008-09-17,68.85
2008-09-18,70.5
2008-09-19,72.68
2008-09-22,70.7
2008-09-23,69.0
2008-09-24,68.57
2008-09-25,69.73
2008-09-26,69.45
2008-09-29,66.32
2008-09-30,68.31
2008-10-01,67.39
2008-10-02,65.6
2008-10-03,64.6
2008-10-06,63.0
2008-10-07,59.97
2008-10-08,57.37
2008-10-09,53.5
2008-10-10,54.26
2008-10-13,59.62
2008-10-14,59.37
2008-10-15,54.68
2008-10-16,57.27
2008-10-17,56.49
2008-10-20,57.51
2008-10-21,60.04
2008-10-22,58.19
2008-10-23,61.54
2008-10-24,59.61
2008-10-27,60.37
2008-10-28,64.31
2008-10-29,62.5
2008-10-30,62.55
2008-10-31,64.3
2008-11-03,64.11
2008-11-04,65.61
2008-11-05,64.52
2008-11-06,62.36
2008-11-07,64.83
2008-11-10,64.95
2008-11-11,62.38
2008-11-12,59.44
2008-11-13,64.43
2008-11-14,63.06
2008-11-17,60.8
2008-11-18,62.17
2008-11-19,58.77
2008-11-20,56.79
2008-11-21,61.3
2008-11-24,63.26
2008-11-25,63.64
2008-11-26,65.91
2008-11-28,66.93
2008-12-01,62.35
2008-12-02,60.86
2008-12-03,60.71
2008-12-04,59.14
2008-12-05,59.85
2008-12-08,57.38
2008-12-09,56.15
2008-12-10,57.52
2008-12-11,55.14
2008-12-12,56.04
2008-12-15,55.63
2008-12-16,58.32
2008-12-17,58.58
2008-12-18,56.71
2008-12-19,56.62
2008-12-22,56.37
2008-12-23,55.44
2008-12-24,55.5
2008-12-26,55.74
2008-12-29,55.37
2008-12-30,57.17
2008-12-31,57.54
2009-01-02,59.19
2009-01-05,58.5
2009-01-06,59.19
2009-01-07,58.07
2009-01-08,58.58
2009-01-09,57.74
2009-01-12,57.08
2009-01-13,56.25
2009-01-14,55.04
2009-01-15,55.17
2009-01-16,56.42
2009-01-20,53.92
2009-01-21,54.24
2009-01-22,54.06
2009-01-23,52.9
2009-01-26,53.56
2009-01-27,53.99
2009-01-28,55.42
2009-01-29,56.55
2009-01-30,53.79
2009-02-02,50.62
2009-02-03,51.64
2009-02-04,50.84
2009-02-05,51.55
2009-02-06,52.39
2009-02-09,54.11
2009-02-10,51.08
2009-02-11,51.29
2009-02-12,49.97
2009-02-13,49.42
2009-02-17,47.42
2009-02-18,47.14
2009-02-19,47.07
2009-02-20,47.25
2009-02-23,45.41
2009-02-24,47.4
2009-02-25,46.61
2009-02-26,46.33
2009-02-27,45.46
2009-03-02,42.84
2009-03-03,43.12
2009-03-04,44.82
2009-03-05,42.51
2009-03-06,41.83
2009-03-09,42.07
2009-03-10,45.49
2009-03-11,46.8
2009-03-12,48.0
2009-03-13,48.0
2009-03-16,47.47
2009-03-17,48.76
2009-03-18,49.2
2009-03-19,47.47
2009-03-20,45.93
2009-03-23,49.32
2009-03-24,48.3
2009-03-25,49.02
2009-03-26,51.03
2009-03-27,50.33
2009-03-30,48.65
2009-03-31,49.72
2009-04-01,50.65
2009-04-02,52.13
2009-04-03,52.11
2009-04-06,52.08
2009-04-07,50.8
2009-04-08,51.38
2009-04-09,53.13
2009-04-13,53.35
2009-04-14,52.94
2009-04-15,53.73
2009-04-16,54.76
2009-04-17,53.81
2009-04-20,51.97
2009-04-21,53.29
2009-04-22,53.06
2009-04-23,54.21
2009-04-24,57.0
2009-04-27,57.35
2009-04-28,56.55
2009-04-29,57.52
2009-04-30,57.6
2009-05-01,57.88
2009-05-04,58.48
2009-05-05,58.43
2009-05-06,59.14
2009-05-07,58.77
2009-05-08,60.09
2009-05-11,59.11
2009-05-12,59.53
2009-05-13,56.94
2009-05-14,57.94
2009-05-15,57.92
2009-05-18,59.23
2009-05-19,59.0
2009-05-20,58.2
2009-05-21,56.55
2009-05-22,56.07
2009-05-26,57.91
2009-05-27,56.04
2009-05-28,56.55
2009-05-29,57.1
2009-06-01,59.29
2009-06-02,59.96
2009-06-03,59.5
2009-06-04,59.85
2009-06-05,60.94
2009-06-08,60.69
2009-06-09,60.34
2009-06-10,60.46
2009-06-11,60.58
2009-06-12,61.0
2009-06-15,59.31
2009-06-16,58.41
2009-06-17,59.04
2009-06-18,59.31
2009-06-19,59.37
2009-06-22,57.47
2009-06-23,57.06
2009-06-24,57.48
2009-06-25,58.9
2009-06-26,59.26
2009-06-29,59.96
2009-06-30,60.1
2009-07-01,60.74
2009-07-02,60.25
2009-07-06,60.67
2009-07-07,58.76
2009-07-08,59.02
2009-07-09,59.09
2009-07-10,59.79
2009-07-13,60.49
2009-07-14,60.63
2009-07-15,62.0
2009-07-16,63.4
2009-07-17,62.92
2009-07-20,63.84
2009-07-21,64.2
2009-07-22,64.67
2009-07-23,69.43
2009-07-24,69.42
2009-07-27,69.91
2009-07-28,69.88
2009-07-29,68.72
2009-07-30,69.9
2009-07-31,70.52
2009-08-03,72.14
2009-08-04,72.03
2009-08-05,71.83
2009-08-06,72.4
2009-08-07,72.9
2009-08-10,70.91
2009-08-11,71.34
2009-08-12,72.33
2009-08-13,72.6
2009-08-14,71.32
2009-08-17,70.08
2009-08-18,70.35
2009-08-19,70.79
2009-08-20,71.23
2009-08-21,72.64
2009-08-24,72.56
2009-08-25,72.68
2009-08-26,71.42
2009-08-27,71.63
2009-08-28,71.92
2009-08-31,72.1
2009-09-01,70.12
2009-09-02,70.58
2009-09-03,71.02
2009-09-04,71.35
2009-09-08,71.69
2009-09-09,73.18
2009-09-10,74.39
2009-09-11,74.0
2009-09-14,74.56
2009-09-15,74.68
2009-09-16,75.38
2009-09-17,74.89
2009-09-18,74.62
2009-09-21,74.54
2009-09-22,74.97
2009-09-23,74.42
2009-09-24,74.1
2009-09-25,73.8
2009-09-28,75.01
2009-09-29,73.94
2009-09-30,73.8
2009-10-01,72.55
2009-10-02,71.93
2009-10-05,73.02
2009-10-06,73.93
2009-10-07,73.14
2009-10-08,74.53
2009-10-09,74.73
2009-10-12,74.88
2009-10-13,74.65
2009-10-14,76.57
2009-10-15,76.77
2009-10-16,76.02
2009-10-19,76.32
2009-10-20,75.95
2009-10-21,76.33
2009-10-22,78.79
2009-10-23,77.82
2009-10-26,76.82
2009-10-27,76.0
2009-10-28,74.46
2009-10-29,75.48
2009-10-30,73.57
2009-11-02,74.28
2009-11-03,74.06
2009-11-04,74.07
2009-11-05,75.46
2009-11-06,75.41
2009-11-09,77.2
2009-11-10,77.99
2009-11-11,77.96
2009-11-12,77.21
2009-11-13,77.32
2009-11-16,78.02
2009-11-17,78.78
2009-11-18,77.8
2009-11-19,77.25
2009-11-20,76.64
2009-11-23,77.73
2009-11-24,77.61
2009-11-25,77.91
2009-11-27,76.75
2009-11-30,77.44
2009-12-01,78.63
2009-12-02,78.41
2009-12-03,77.15
2009-12-04,78.24
2009-12-07,77.91
2009-12-08,77.11
2009-12-09,79.74
2009-12-10,80.68
2009-12-11,81.75
2009-12-14,81.91
2009-12-15,82.7
2009-12-16,81.72
2009-12-17,80.47
2009-12-18,80.97
2009-12-21,81.43
2009-12-22,81.96
2009-12-23,82.19
2009-12-24,82.55
2009-12-28,83.45
2009-12-29,84.13
2009-12-30,83.9
2009-12-31,82.67
2010-01-04,83.02
2010-01-05,82.5
2010-01-06,83.67
2010-01-07,83.73
2010-01-08,84.32
2010-01-11,83.98
2010-01-12,84.05
2010-01-13,83.78
2010-01-14,83.5
2010-01-15,83.37
2010-01-19,85.12
2010-01-20,84.72
2010-01-21,82.7
2010-01-22,81.48
2010-01-25,81.83
2010-01-26,81.63
2010-01-27,82.3
2010-01-28,80.75
2010-01-29,80.49
2010-02-01,80.44
2010-02-02,80.43
2010-02-03,81.5
2010-02-04,79.21
2010-02-05,78.54
2010-02-08,77.53
2010-02-09,78.72
2010-02-10,78.62
2010-02-11,80.27
2010-02-12,79.18
2010-02-16,80.47
2010-02-17,80.14
2010-02-18,81.11
2010-02-19,81.52
2010-02-22,80.68
2010-02-23,79.71
2010-02-24,80.07
2010-02-25,79.74
2010-02-26,80.15
2010-03-01,80.58
2010-03-02,81.13
2010-03-03,81.0
2010-03-04,81.02
2010-03-05,82.44
2010-03-08,81.31
2010-03-09,81.99
2010-03-10,81.56
2010-03-11,81.26
2010-03-12,81.38
2010-03-15,81.26
2010-03-16,81.66
2010-03-17,82.18
2010-03-18,83.67
2010-03-19,81.96
2010-03-22,81.84
2010-03-23,82.35
2010-03-24,81.61
2010-03-25,80.93
2010-03-26,81.0
2010-03-29,81.36
2010-03-30,84.28
2010-03-31,83.57
2010-04-01,83.85
2010-04-05,84.19
2010-04-06,84.35
2010-04-07,83.66
2010-04-08,82.95
2010-04-09,83.49
2010-04-12,83.28
2010-04-13,83.94
2010-04-14,84.39
2010-04-15,85.0
2010-04-16,83.76
2010-04-19,83.9
2010-04-20,85.27
2010-04-21,85.7
2010-04-22,86.05
2010-04-23,86.58
2010-04-26,87.44
2010-04-27,87.97
2010-04-28,88.24
2010-04-29,89.33
2010-04-30,88.67
2010-05-03,89.81
2010-05-04,87.68
2010-05-05,86.59
2010-05-06,84.24
2010-05-07,82.63
2010-05-10,85.97
2010-05-11,85.04
2010-05-12,86.44
2010-05-13,85.59
2010-05-14,84.68
2010-05-17,84.68
2010-05-18,84.02
2010-05-19,82.54
2010-05-20,79.58
2010-05-21,80.7
2010-05-24,79.59
2010-05-25,79.47
2010-05-26,79.17
2010-05-27,81.43
2010-05-28,79.31
2010-06-01,78.07
2010-06-02,78.74
2010-06-03,78.34
2010-06-04,76.1
2010-06-07,74.74
2010-06-08,74.92
2010-06-09,74.79
2010-06-10,77.43
2010-06-11,78.3
2010-06-14,78.14
2010-06-15,79.77
2010-06-16,80.88
2010-06-17,81.03
2010-06-18,81.18
2010-06-21,81.47
2010-06-22,80.03
2010-06-23,80.12
2010-06-24,78.18
2010-06-25,78.9
2010-06-28,78.98
2010-06-29,78.49
2010-06-30,78.99
2010-07-01,78.55
2010-07-02,77.67
2010-07-06,78.14
2010-07-07,80.52
2010-07-08,81.22
2010-07-09,82.16
2010-07-12,82.26
2010-07-13,83.55
2010-07-14,83.05
2010-07-15,83.06
2010-07-16,80.95
2010-07-19,81.22
2010-07-20,82.19
2010-07-21,82.3
2010-07-22,84.75
2010-07-23,86.17
2010-07-26,87.32
2010-07-27,86.8
2010-07-28,86.69
2010-07-29,86.34
2010-07-30,85.54
2010-08-02,87.41
2010-08-03,87.21
2010-08-04,88.0
2010-08-05,87.72
2010-08-06,87.29
2010-08-09,88.03
2010-08-10,87.11
2010-08-11,84.1
2010-08-12,84.01
2010-08-13,84.01
2010-08-16,83.43
2010-08-17,84.09
2010-08-18,83.61
2010-08-19,81.81
2010-08-20,80.66
2010-08-23,81.08
2010-08-24,80.45
2010-08-25,80.75
2010-08-26,79.78
2010-08-27,81.0
2010-08-30,79.65
2010-08-31,78.57
2010-09-01,81.01
2010-09-02,81.87
2010-09-03,83.48
2010-09-07,82.14
2010-09-08,82.75
2010-09-09,82.96
2010-09-10,83.94
2010-09-13,84.86
2010-09-14,84.63
2010-09-15,84.58
2010-09-16,84.95
2010-09-17,86.07
2010-09-20,87.41
2010-09-21,86.55
2010-09-22,86.63
2010-09-23,85.53
2010-09-24,86.96
2010-09-27,86.19
2010-09-28,87.04
2010-09-29,87.17
2010-09-30,86.71
2010-10-01,87.62
2010-10-04,86.7
2010-10-05,88.86
2010-10-06,89.89
2010-10-07,88.9
2010-10-08,89.16
2010-10-11,88.25
2010-10-12,88.15
2010-10-13,89.14
2010-10-14,89.07
2010-10-15,89.14
2010-10-18,89.66
2010-10-19,88.55
2010-10-20,89.47
2010-10-21,90.55
2010-10-22,90.44
2010-10-25,90.9
2010-10-26,90.47
2010-10-27,90.37
2010-10-28,85.07
2010-10-29,84.22
2010-11-01,83.98
2010-11-02,84.8
2010-11-03,85.3
2010-11-04,87.04
2010-11-05,86.34
2010-11-08,85.86
2010-11-09,85.3
2010-11-10,86.25
2010-11-11,86.5
2010-11-12,86.24
2010-11-15,86.2
2010-11-16,84.24
2010-11-17,83.95
2010-11-18,85.55
2010-11-19,85.01
2010-11-22,84.9
2010-11-23,83.59
2010-11-24,84.66
2010-11-26,84.4
2010-11-29,84.22
2010-11-30,83.98
2010-12-01,86.05
2010-12-02,86.51
2010-12-03,86.94
2010-12-06,86.88
2010-12-07,84.19
2010-12-08,84.68
2010-12-09,84.11
2010-12-10,84.32
2010-12-13,85.3
2010-12-14,85.84
2010-12-15,85.81
2010-12-16,86.4
2010-12-17,86.37
2010-12-20,87.34
2010-12-21,86.53
2010-12-22,86.72
2010-12-23,86.47
2010-12-27,87.01
2010-12-28,86.74
2010-12-29,86.76
2010-12-30,86.54
2010-12-31,86.3
2011-01-03,86.79
2011-01-04,86.67
2011-01-05,86.67
2011-01-06,86.14
2011-01-07,86.23
2011-01-10,87.15
2011-01-11,87.74
2011-01-12,88.66
2011-01-13,88.04
2011-01-14,88.1
2011-01-18,88.14
2011-01-19,87.96
2011-01-20,88.04
2011-01-21,89.29
2011-01-24,90.32
2011-01-25,88.5
2011-01-26,89.57
2011-01-27,89.19
2011-01-28,87.44
2011-01-31,87.92
2011-02-01,87.79
2011-02-02,87.75
2011-02-03,87.95
2011-02-04,88.29
2011-02-07,88.79
2011-02-08,89.47
2011-02-09,90.78
2011-02-10,90.46
2011-02-11,91.8
2011-02-14,91.9
2011-02-15,92.0
2011-02-16,92.33
2011-02-17,92.73
2011-02-18,92.96
2011-02-22,92.0
2011-02-23,90.26
2011-02-24,90.03
2011-02-25,90.25
2011-02-28,92.23
2011-03-01,90.46
2011-03-02,91.32
2011-03-03,92.81
2011-03-04,92.19
2011-03-07,92.4
2011-03-08,93.75
2011-03-09,93.17
2011-03-10,90.01
2011-03-11,91.61
2011-03-14,91.02
2011-03-15,89.5
2011-03-16,87.55
2011-03-17,88.69
2011-03-18,88.98
2011-03-21,90.95
2011-03-22,90.7
2011-03-23,92.14
2011-03-24,92.58
2011-03-25,92.27
2011-03-28,92.12
2011-03-29,92.84
2011-03-30,92.47
2011-03-31,93.5
2011-04-01,93.13
2011-04-04,93.64
2011-04-05,93.39
2011-04-06,93.82
2011-04-07,93.19
2011-04-08,93.22
2011-04-11,93.8
2011-04-12,92.37
2011-04-13,92.86
2011-04-14,92.94
2011-04-15,92.82
2011-04-18,91.45
2011-04-19,91.86
2011-04-20,93.76
2011-04-21,93.92
2011-04-25,94.12
2011-04-26,95.94
2011-04-27,96.47
2011-04-28,97.23
2011-04-29,97.21
2011-05-02,96.92
2011-05-03,96.83
2011-05-04,96.2
2011-05-05,94.92
2011-05-06,95.6
2011-05-09,95.99
2011-05-10,95.71
2011-05-11,95.52
2011-05-12,96.65
2011-05-13,96.01
2011-05-16,95.46
2011-05-17,93.86
2011-05-18,93.94
2011-05-19,94.71
2011-05-20,93.56
2011-05-23,92.49
2011-05-24,91.97
2011-05-25,92.69
2011-05-26,92.82
2011-05-27,93.47
2011-05-31,94.38
2011-06-01,91.44
2011-06-02,91.46
2011-06-03,90.7
2011-06-06,90.62
2011-06-07,90.85
2011-06-08,90.91
2011-06-09,91.96
2011-06-10,90.73
2011-06-13,91.3
2011-06-14,92.59
2011-06-15,91.03
2011-06-16,91.58
2011-06-17,91.78
2011-06-20,92.56
2011-06-21,93.43
2011-06-22,92.8
2011-06-23,92.34
2011-06-24,90.89
2011-06-27,92.25
2011-06-28,93.02
2011-06-29,93.11
2011-06-30,94.85
2011-07-01,96.67
2011-07-05,96.14
2011-07-06,97.24
2011-07-07,97.97
2011-07-08,97.62
2011-07-11,96.56
2011-07-12,95.88
2011-07-13,96.19
2011-07-14,94.98
2011-07-15,95.47
2011-07-18,94.6
2011-07-19,94.27
2011-07-20,94.25
2011-07-21,95.84
2011-07-22,95.38
2011-07-25,95.07
2011-07-26,89.93
2011-07-27,88.08
2011-07-28,87.57
2011-07-29,87.14
2011-08-01,86.77
2011-08-02,85.27
2011-08-03,86.18
2011-08-04,82.23
2011-08-05,82.75
2011-08-08,78.59
2011-08-09,82.69
2011-08-10,78.23
2011-08-11,81.22
2011-08-12,82.54
2011-08-15,83.31
2011-08-16,82.13
2011-08-17,80.93
2011-08-18,77.42
2011-08-19,76.87
2011-08-22,76.95
2011-08-23,79.67
2011-08-24,80.29
2011-08-25,78.19
2011-08-26,80.01
2011-08-29,82.1
2011-08-30,82.07
2011-08-31,82.98
2011-09-01,81.61
2011-09-02,79.35
2011-09-06,78.08
2011-09-07,80.57
2011-09-08,79.26
2011-09-09,76.65
2011-09-12,78.22
2011-09-13,77.81
2011-09-14,79.44
2011-09-15,80.63
2011-09-16,80.53
2011-09-19,79.21
2011-09-20,79.21
2011-09-21,76.34
2011-09-22,72.9
2011-09-23,73.99
2011-09-26,75.19
2011-09-27,76.28
2011-09-28,73.6
2011-09-29,74.53
2011-09-30,71.79
2011-10-03,70.93
2011-10-04,72.01
2011-10-05,72.53
2011-10-06,74.65
2011-10-07,73.82
2011-10-10,76.72
2011-10-11,76.42
2011-10-12,78.36
2011-10-13,77.8
2011-10-14,78.89
2011-10-17,75.88
2011-10-18,78.36
2011-10-19,77.7
2011-10-20,78.68
2011-10-21,80.48
2011-10-24,82.18
2011-10-25,77.04
2011-10-26,77.02
2011-10-27,81.41
2011-10-28,81.0
2011-10-31,79.02
2011-11-01,76.53
2011-11-02,78.06
2011-11-03,79.64
2011-11-04,79.3
2011-11-07,79.69
2011-11-08,81.83
2011-11-09,79.0
2011-11-10,80.32
2011-11-11,82.29
2011-11-14,81.87
2011-11-15,81.87
2011-11-16,81.87
2011-11-17,80.43
2011-11-18,80.54
2011-11-21,78.39
2011-11-22,77.83
2011-11-23,75.54
2011-11-25,76.13
2011-11-28,77.72
2011-11-29,77.24
2011-11-30,81.04
2011-12-01,80.3
2011-12-02,79.76
2011-12-05,80.93
2011-12-06,82.13
2011-12-07,82.39
2011-12-08,80.46
2011-12-09,82.2
2011-12-12,80.59
2011-12-13,79.41
2011-12-14,78.51
2011-12-15,78.86
2011-12-16,78.87
2011-12-19,77.82
2011-12-20,80.31
2011-12-21,80.0
2011-12-22,80.97
2011-12-23,82.2
2011-12-27,82.28
2011-12-28,81.15
2011-12-29,82.11
2011-12-30,81.73
2012-01-03,83.49
2012-01-04,84.18
2012-01-05,83.8
2012-01-06,83.37
2012-01-09,83.87
2012-01-10,84.3
2012-01-11,83.77
2012-01-12,84.28
2012-01-13,83.6
2012-01-17,84.23
2012-01-18,85.07
2012-01-19,85.8
2012-01-20,85.65
2012-01-23,85.61
2012-01-24,85.93
2012-01-25,86.48
2012-01-26,87.58
2012-01-27,87.46
2012-01-30,87.34
2012-01-31,86.71
2012-02-01,87.35
2012-02-02,87.43
2012-02-03,87.73
2012-02-06,87.56
2012-02-07,87.89
2012-02-08,87.97
2012-02-09,88.02
2012-02-10,87.14
2012-02-13,88.03
2012-02-14,87.99
2012-02-15,87.01
2012-02-16,87.65
2012-02-17,87.56
2012-02-21,87.6
2012-02-22,87.76
2012-02-23,87.9
2012-02-24,88.2
2012-02-27,88.07
2012-02-28,87.77
2012-02-29,87.6
2012-03-01,87.49
2012-03-02,87.52
2012-03-05,87.06
2012-03-06,84.95
2012-03-07,85.47
2012-03-08,86.71
2012-03-09,86.8
2012-03-12,87.54
2012-03-13,88.75
2012-03-14,88.87
2012-03-15,90.0
2012-03-16,89.56
2012-03-19,89.74
2012-03-20,89.35
2012-03-21,88.91
2012-03-22,88.57
2012-03-23,88.46
2012-03-26,89.12
2012-03-27,89.14
2012-03-28,88.45
2012-03-29,88.77
2012-03-30,89.21
2012-04-02,89.23
2012-04-03,88.79
2012-04-04,87.84
2012-04-05,87.27
2012-04-09,86.33
2012-04-10,84.58
2012-04-11,85.35
2012-04-12,86.86
2012-04-13,85.69
2012-04-16,86.4
2012-04-17,87.45
2012-04-18,87.13
2012-04-19,86.8
2012-04-20,87.48
2012-04-23,87.13
2012-04-24,88.49
2012-04-25,88.8
2012-04-26,89.32
2012-04-27,89.36
2012-04-30,89.36
2012-05-01,89.6
2012-05-02,89.52
2012-05-03,89.39
2012-05-04,88.67
2012-05-07,88.01
2012-05-08,87.56
2012-05-09,87.27
2012-05-10,87.13
2012-05-11,86.73
2012-05-14,85.83
2012-05-15,85.78
2012-05-16,85.35
2012-05-17,84.34
2012-05-18,83.51
2012-05-21,84.46
2012-05-22,84.13
2012-05-23,84.8
2012-05-24,84.98
2012-05-25,84.78
2012-05-29,85.73
2012-05-30,84.45
2012-05-31,84.41
2012-06-01,82.85
2012-06-04,82.62
2012-06-05,82.51
2012-06-06,84.63
2012-06-07,85.5
2012-06-08,86.0
2012-06-11,85.18
2012-06-12,86.73
2012-06-13,86.13
2012-06-14,86.86
2012-06-15,87.44
2012-06-18,87.31
2012-06-19,87.82
2012-06-20,87.54
2012-06-21,86.73
2012-06-22,86.83
2012-06-25,85.85
2012-06-26,86.18
2012-06-27,87.16
2012-06-28,87.16
2012-06-29,89.6
2012-07-02,89.28
2012-07-03,89.7
2012-07-05,89.57
2012-07-06,88.99
2012-07-09,88.96
2012-07-10,88.25
2012-07-11,87.85
2012-07-12,86.41
2012-07-13,87.59
2012-07-16,88.1
2012-07-17,88.98
2012-07-18,90.87
2012-07-19,90.83
2012-07-20,89.99
2012-07-23,89.36
2012-07-24,88.24
2012-07-25,88.75
2012-07-26,90.59
2012-07-27,91.71
2012-07-30,91.28
2012-07-31,91.23
2012-08-01,91.2
2012-08-02,90.08
2012-08-03,91.7
2012-08-06,91.41
2012-08-07,91.7
2012-08-08,91.63
2012-08-09,91.59
2012-08-10,92.29
2012-08-13,92.4
2012-08-14,92.3
2012-08-15,92.54
2012-08-16,93.74
2012-08-17,94.24
2012-08-20,93.89
2012-08-21,93.21
2012-08-22,92.68
2012-08-23,91.98
2012-08-24,92.83
2012-08-27,92.59
2012-08-28,92.3
2012-08-29,92.43
2012-08-30,91.76
2012-08-31,92.6
2012-09-04,91.68
2012-09-05,91.75
2012-09-06,93.28
2012-09-07,92.82
2012-09-10,90.67
2012-09-11,91.17
2012-09-12,90.81
2012-09-13,92.06
2012-09-14,93.98
2012-09-17,93.78
2012-09-18,93.43
2012-09-19,93.63
2012-09-20,93.58
2012-09-21,93.21
2012-09-24,93.73
2012-09-25,92.83
2012-09-26,92.59
2012-09-27,92.82
2012-09-28,92.42
2012-10-01,93.29
2012-10-02,93.54
2012-10-03,93.78
2012-10-04,94.43
2012-10-05,94.96
2012-10-08,95.37
2012-10-09,93.94
2012-10-10,93.28
2012-10-11,92.83
2012-10-12,92.75
2012-10-15,92.79
2012-10-16,94.23
2012-10-17,94.81
2012-10-18,94.74
2012-10-19,92.94
2012-10-22,92.53
2012-10-23,88.73
2012-10-24,88.39
2012-10-25,87.81
2012-10-26,88.03
2012-10-31,87.6
2012-11-01,89.25
2012-11-02,88.97
2012-11-05,89.6
2012-11-06,90.86
2012-11-07,89.38
2012-11-08,88.55
2012-11-09,88.81
2012-11-12,89.18
2012-11-13,89.08
2012-11-14,87.31
2012-11-15,88.02
2012-11-16,88.5
2012-11-19,89.57
2012-11-20,89.02
2012-11-21,88.94
2012-11-23,90.28
2012-11-26,90.09
2012-11-27,90.31
2012-11-28,90.93
2012-11-29,90.65
2012-11-30,90.95
2012-12-03,90.3
2012-12-04,90.12
2012-12-05,90.76
2012-12-06,90.95
2012-12-07,91.51
2012-12-10,91.87
2012-12-11,93.68
2012-12-12,93.12
2012-12-13,92.5
2012-12-14,92.28
2012-12-17,93.03
2012-12-18,93.85
2012-12-19,93.02
2012-12-20,94.13
2012-12-21,93.1
2012-12-24,93.19
2012-12-26,93.07
2012-12-27,92.64
2012-12-28,91.78
2012-12-31,92.85
2013-01-02,94.78
2013-01-03,94.67
2013-01-04,95.37
2013-01-07,95.49
2013-01-08,95.5
2013-01-09,96.41
2013-01-10,96.89
2013-01-11,96.28
2013-01-14,97.08
2013-01-15,97.29
2013-01-16,97.6
2013-01-17,98.08
2013-01-18,98.74
2013-01-22,99.33
2013-01-23,99.49
2013-01-24,99.67
2013-01-25,100.59
2013-01-28,100.65
2013-01-29,101.81
2013-01-30,100.8
2013-01-31,100.55
2013-02-01,101.56
2013-02-04,100.77
2013-02-05,101.49
2013-02-06,102.69
2013-02-07,102.22
2013-02-08,102.66
2013-02-11,102.62
2013-02-12,103.46
2013-02-13,102.86
2013-02-14,102.78
2013-02-15,103.23
2013-02-19,104.18
2013-02-20,103.15
2013-02-21,102.72
2013-02-22,103.54
2013-02-25,101.75
2013-02-26,102.31
2013-02-27,103.57
2013-02-28,104.0
2013-03-01,103.77
2013-03-04,103.28
2013-03-05,104.45
2013-03-06,104.66
2013-03-07,104.54
2013-03-08,105.71
2013-03-11,105.81
2013-03-12,105.13
2013-03-13,105.09
2013-03-14,106.02
2013-03-15,106.4
2013-03-18,105.41
2013-03-19,105.18
2013-03-20,105.66
2013-03-21,104.94
2013-03-22,106.42
2013-03-25,105.17
2013-03-26,106.07
2013-03-27,105.29
2013-03-28,106.31
2013-04-01,105.65
2013-04-02,106.52
2013-04-03,105.68
2013-04-04,105.82
2013-04-05,105.78
2013-04-08,105.75
2013-04-09,105.95
2013-04-10,107.69
2013-04-11,108.25
2013-04-12,107.68
2013-04-15,105.76
2013-04-16,106.15
2013-04-17,105.48
2013-04-18,104.98
2013-04-19,105.71
2013-04-22,105.8
2013-04-23,107.39
2013-04-24,107.87
2013-04-25,104.88
2013-04-26,103.79
2013-04-29,103.83
2013-04-30,104.71
2013-05-01,104.55
2013-05-02,106.04
2013-05-03,107.83
2013-05-06,107.84
2013-05-07,108.01
2013-05-08,108.2
2013-05-09,109.92
2013-05-10,110.48
2013-05-13,110.5
2013-05-14,110.59
2013-05-15,111.5
2013-05-16,111.07
2013-05-17,111.39
2013-05-20,111.72
2013-05-21,112.01
2013-05-22,110.79
2013-05-23,110.41
2013-05-24,110.27
2013-05-28,111.59
2013-05-29,111.13
2013-05-30,111.42
2013-05-31,110.27
2013-06-03,110.61
2013-06-04,110.02
2013-06-05,108.59
2013-06-06,108.67
2013-06-07,111.11
2013-06-10,110.81
2013-06-11,110.22
2013-06-12,109.03
2013-06-13,111.2
2013-06-14,111.03
2013-06-17,111.91
2013-06-18,112.97
2013-06-19,111.57
2013-06-20,108.78
2013-06-21,109.59
2013-06-24,107.5
2013-06-25,108.24
2013-06-26,109.68
2013-06-27,110.24
2013-06-28,109.35
2013-07-01,109.31
2013-07-02,108.73
2013-07-03,109.45
2013-07-05,111.54
2013-07-08,112.13
2013-07-09,113.35
2013-07-10,113.43
2013-07-11,114.53
2013-07-12,115.14
2013-07-15,114.85
2013-07-16,114.34
2013-07-17,114.64
2013-07-18,115.48
2013-07-19,116.19
2013-07-22,116.28
2013-07-23,116.75
2013-07-24,116.33
2013-07-25,116.55
2013-07-26,116.91
2013-07-29,116.61
2013-07-30,116.84
2013-07-31,117.43
2013-08-01,118.41
2013-08-02,118.26
2013-08-05,117.92
2013-08-06,117.5
2013-08-07,117.83
2013-08-08,118.68
2013-08-09,118.31
2013-08-12,118.38
2013-08-13,118.67
2013-08-14,117.62
2013-08-15,115.85
2013-08-16,115.9
2013-08-19,115.61
2013-08-20,115.42
2013-08-21,113.42
2013-08-22,114.67
2013-08-23,114.4
2013-08-26,114.33
2013-08-27,112.73
2013-08-28,113.0
2013-08-29,113.32
2013-08-30,113.58
2013-09-03,113.22
2013-09-04,114.55
2013-09-05,114.87
2013-09-06,115.04
2013-09-09,116.74
2013-09-10,117.59
2013-09-11,118.71
2013-09-12,118.2
2013-09-13,118.6
2013-09-16,119.23
2013-09-17,119.93
2013-09-18,121.29
2013-09-19,121.57
2013-09-20,120.01
2013-09-23,121.11
2013-09-24,120.8
2013-09-25,120.2
2013-09-26,120.66
2013-09-27,120.22
2013-09-30,119.41
2013-10-01,119.62
2013-10-02,119.2
2013-10-03,118.55
2013-10-04,119.4
2013-10-07,118.69
2013-10-08,117.16
2013-10-09,117.57
2013-10-10,119.34
2013-10-11,120.72
2013-10-14,121.4
2013-10-15,119.82
2013-10-16,120.94
2013-10-17,122.62
2013-10-18,122.84
2013-10-21,123.25
2013-10-22,123.8
2013-10-23,123.2
2013-10-24,123.49
2013-10-25,124.42
2013-10-28,124.92
2013-10-29,125.28
2013-10-30,124.79
2013-10-31,125.85
2013-11-01,125.9
2013-11-04,126.32
2013-11-05,126.12
2013-11-06,127.13
2013-11-07,126.41
2013-11-08,127.99
2013-11-11,127.95
2013-11-12,128.36
2013-11-13,128.59
2013-11-14,129.79
2013-11-15,129.85
2013-11-18,130.13
2013-11-19,130.05
2013-11-20,129.18
2013-11-21,130.35
2013-11-22,131.02
2013-11-25,131.23
2013-11-26,132.15
2013-11-27,133.5
2013-11-29,133.51
2013-12-02,127.68
2013-12-03,126.6
2013-12-04,126.46
2013-12-05,126.83
2013-12-06,128.61
2013-12-09,128.57
2013-12-10,127.55
2013-12-11,126.77
2013-12-12,126.58
2013-12-13,126.43
2013-12-16,127.66
2013-12-17,131.39
2013-12-18,135.8
2013-12-19,136.41
2013-12-20,136.72
2013-12-23,136.8
2013-12-24,136.99
2013-12-26,138.29
2013-12-27,139.35
2013-12-30,139.42
2013-12-31,140.25
2014-01-02,138.13
2014-01-03,138.45
2014-01-06,137.63
2014-01-07,137.65
2014-01-08,136.63
2014-01-09,136.45
2014-01-10,136.18
2014-01-13,134.68
2014-01-14,137.41
2014-01-15,138.44
2014-01-16,138.16
2014-01-17,137.31
2014-01-21,136.99
2014-01-22,136.48
2014-01-23,134.71
2014-01-24,130.22
2014-01-27,128.96
2014-01-28,129.81
2014-01-29,130.25
2014-01-30,128.05
2014-01-31,128.19
2014-02-03,123.9
2014-02-04,126.72
2014-02-05,127.36
2014-02-06,128.9
2014-02-07,130.33
2014-02-10,129.7
2014-02-11,130.98
2014-02-12,130.44
2014-02-13,130.14
2014-02-14,132.12
2014-02-18,131.8
2014-02-19,130.56
2014-02-20,131.56
2014-02-21,131.57
2014-02-24,132.2
2014-02-25,132.93
2014-02-26,132.86
2014-02-27,134.34
2014-02-28,134.73
2014-03-03,132.21
2014-03-04,132.68
2014-03-05,133.85
2014-03-06,134.08
2014-03-07,134.11
2014-03-10,133.56
2014-03-11,132.51
2014-03-12,132.57
2014-03-13,130.81
2014-03-14,129.83
2014-03-17,132.27
2014-03-18,132.74
2014-03-19,131.23
2014-03-20,132.43
2014-03-21,133.12
2014-03-24,132.42
2014-03-25,134.06
2014-03-26,133.09
2014-03-27,132.84
2014-03-28,134.2
2014-03-31,135.66
2014-04-01,136.53
2014-04-02,136.0
2014-04-03,136.14
2014-04-04,135.86
2014-04-07,134.4
2014-04-08,134.84
2014-04-09,135.84
2014-04-10,133.97
2014-04-11,132.39
2014-04-14,133.15
2014-04-15,134.09
2014-04-16,136.77
2014-04-17,137.73
2014-04-21,138.62
2014-04-22,138.89
2014-04-23,137.99
2014-04-24,136.65
2014-04-25,136.56
2014-04-28,137.23
2014-04-29,137.55
2014-04-30,139.09
2014-05-01,140.81
2014-05-02,140.12
2014-05-05,140.61
2014-05-06,139.29
2014-05-07,141.14
2014-05-08,140.83
2014-05-09,141.34
2014-05-12,142.82
2014-05-13,142.43
2014-05-14,141.6
2014-05-15,140.98
2014-05-16,141.13
2014-05-19,141.67
2014-05-20,140.23
2014-05-21,140.66
2014-05-22,140.31
2014-05-23,141.14
2014-05-27,141.44
2014-05-28,141.43
2014-05-29,142.39
2014-05-30,142.55
2014-06-02,142.32
2014-06-03,142.89
2014-06-04,142.26
2014-06-05,143.71
2014-06-06,144.64
2014-06-09,145.32
2014-06-10,144.97
2014-06-11,144.41
2014-06-12,143.07
2014-06-13,143.36
2014-06-16,143.32
2014-06-17,143.69
2014-06-18,144.33
2014-06-19,144.49
2014-06-20,145.16
2014-06-23,144.09
2014-06-24,143.09
2014-06-25,143.65
2014-06-26,143.73
2014-06-27,143.69
2014-06-30,143.24
2014-07-01,144.56
2014-07-02,145.23
2014-07-03,145.41
2014-07-07,144.91
2014-07-08,144.56
2014-07-09,144.68
2014-07-10,143.89
2014-07-11,144.31
2014-07-14,145.0
2014-07-15,145.06
2014-07-16,146.17
2014-07-17,143.54
2014-07-18,144.83
2014-07-21,144.3
2014-07-22,145.12
2014-07-23,144.68
2014-07-24,145.13
2014-07-25,145.12
2014-07-28,145.53
2014-07-29,144.02
2014-07-30,143.74
2014-07-31,140.89
2014-08-01,140.11
2014-08-04,140.75
2014-08-05,139.78
2014-08-06,139.55
2014-08-07,139.13
2014-08-08,140.85
2014-08-11,140.58
2014-08-12,140.88
2014-08-13,141.8
2014-08-14,142.34
2014-08-15,141.92
2014-08-18,144.12
2014-08-19,144.25
2014-08-20,144.6
2014-08-21,144.5
2014-08-22,144.13
2014-08-25,144.7
2014-08-26,144.6
2014-08-27,143.94
2014-08-28,143.98
2014-08-29,144.0
2014-09-02,144.22
2014-09-03,143.82
2014-09-04,143.61
2014-09-05,144.2
2014-09-08,144.89
2014-09-09,144.46
2014-09-10,144.64
2014-09-11,144.35
2014-09-12,143.94
2014-09-15,144.48
2014-09-16,144.85
2014-09-17,145.37
2014-09-18,146.84
2014-09-19,146.69
2014-09-22,145.71
2014-09-23,144.37
2014-09-24,144.88
2014-09-25,142.48
2014-09-26,142.42
2014-09-29,142.19
2014-09-30,141.68
2014-10-01,139.18
2014-10-02,138.67
2014-10-03,140.17
2014-10-06,140.34
2014-10-07,137.68
2014-10-08,141.41
2014-10-09,138.64
2014-10-10,133.83
2014-10-13,132.9
2014-10-14,134.18
2014-10-15,134.22
2014-10-16,135.05
2014-10-17,137.4
2014-10-20,137.6
2014-10-21,140.93
2014-10-22,138.95
2014-10-23,145.05
2014-10-24,148.59
2014-10-27,149.56
2014-10-28,151.06
2014-10-29,151.01
2014-10-30,152.1
2014-10-31,153.77
2014-11-03,153.3
2014-11-04,155.05
2014-11-05,155.69
2014-11-06,156.05
2014-11-07,156.55
2014-11-10,157.66
2014-11-11,157.11
2014-11-12,157.68
2014-11-13,158.35
2014-11-14,158.85
2014-11-17,158.69
2014-11-18,160.15
2014-11-19,158.83
2014-11-20,159.36
2014-11-21,160.16
2014-11-24,159.88
2014-11-25,158.06
2014-11-26,158.31
2014-11-28,160.09
2014-12-01,158.16
2014-12-02,160.6
2014-12-03,162.26
2014-12-04,162.26
2014-12-05,162.27
2014-12-08,160.93
2014-12-09,160.83
2014-12-10,158.24
2014-12-11,159.15
2014-12-12,157.12
2014-12-15,156.85
2014-12-16,159.05
2014-12-17,160.6
2014-12-18,165.3
2014-12-19,165.48
2014-12-22,167.27
2014-12-23,166.87
2014-12-24,166.96
2014-12-26,166.26
2014-12-29,166.71
2014-12-30,165.84
2014-12-31,164.32
2015-01-02,164.06
2015-01-05,160.36
2015-01-06,158.65
2015-01-07,159.8
2015-01-08,163.63
2015-01-09,161.62
2015-01-12,160.74
2015-01-13,160.62
2015-01-14,159.84
2015-01-15,159.66
2015-01-16,162.0
2015-01-20,161.94
2015-01-21,162.54
2015-01-22,165.89
2015-01-23,164.02
2015-01-26,164.24
2015-01-27,163.63
2015-01-28,163.94
2015-01-29,166.13
2015-01-30,162.3
2015-02-02,164.42
2015-02-03,165.94
2015-02-04,164.81
2015-02-05,166.55
2015-02-06,166.07
2015-02-09,164.84
2015-02-10,165.82
2015-02-11,164.48
2015-02-12,165.91
2015-02-13,165.94
2015-02-17,166.92
2015-02-18,167.4
2015-02-19,167.09
2015-02-20,168.12
2015-02-23,168.81
2015-02-24,169.12
2015-02-25,168.89
2015-02-26,169.61
2015-02-27,168.65
2015-03-02,170.5
2015-03-03,168.27
2015-03-04,167.16
2015-03-05,167.57
2015-03-06,164.36
2015-03-09,166.37
2015-03-10,162.26
2015-03-11,161.73
2015-03-12,164.47
2015-03-13,162.74
2015-03-16,166.21
2015-03-17,164.23
2015-03-18,166.47
2015-03-19,165.66
2015-03-20,166.49
2015-03-23,166.13
2015-03-24,166.32
2015-03-25,162.7
2015-03-26,162.59
2015-03-27,163.5
2015-03-30,166.05
2015-03-31,164.95
2015-04-01,162.52
2015-04-02,162.8
2015-04-06,165.48
2015-04-07,166.21
2015-04-08,166.27
2015-04-09,166.79
2015-04-10,167.07
2015-04-13,165.84
2015-04-14,165.99
2015-04-15,166.44
2015-04-16,165.89
2015-04-17,161.71
2015-04-20,164.51
2015-04-21,164.0
2015-04-22,164.67
2015-04-23,159.66
2015-04-24,158.99
2015-04-27,157.98
2015-04-28,158.33
2015-04-29,156.97
2015-04-30,156.39
2015-05-01,157.68
2015-05-04,159.02
2015-05-05,157.91
2015-05-06,157.64
2015-05-07,158.61
2015-05-08,160.6
2015-05-11,159.9
2015-05-12,160.07
2015-05-13,161.31
2015-05-14,163.15
2015-05-15,163.3
2015-05-18,162.87
2015-05-19,163.12
2015-05-20,161.9
2015-05-21,162.06
2015-05-22,160.98
2015-05-26,159.59
2015-05-27,161.02
2015-05-28,160.87
2015-05-29,159.08
2015-06-01,158.98
2015-06-02,159.08
2015-06-03,160.16
2015-06-04,158.35
2015-06-05,157.08
2015-06-08,156.59
2015-06-09,156.98
2015-06-10,159.04
2015-06-11,159.86
2015-06-12,158.04
2015-06-15,155.87
2015-06-16,156.49
2015-06-17,156.95
2015-06-18,159.62
2015-06-19,158.95
2015-06-22,159.68
2015-06-23,159.84
2015-06-24,157.54
2015-06-25,155.92
2015-06-26,157.09
2015-06-29,153.95
2015-06-30,154.3
2015-07-01,155.65
2015-07-02,155.38
2015-07-06,155.08
2015-07-07,155.43
2015-07-08,152.71
2015-07-09,153.75
2015-07-10,154.95
2015-07-13,156.47
2015-07-14,156.78
2015-07-15,156.0
2015-07-16,157.17
2015-07-17,156.69
2015-07-20,157.12
2015-07-21,155.76
2015-07-22,155.41
2015-07-23,149.5
2015-07-24,149.33
2015-07-27,148.71
2015-07-28,151.11
2015-07-29,151.45
2015-07-30,151.57
2015-07-31,151.34
2015-08-03,150.12
2015-08-04,150.4
2015-08-05,151.01
2015-08-06,149.26
2015-08-07,148.89
2015-08-10,151.24
2015-08-11,148.48
2015-08-12,148.52
2015-08-13,147.4
2015-08-14,148.28
2015-08-17,149.24
2015-08-18,148.31
2015-08-19,145.87
2015-08-20,143.35
2015-08-21,142.09
2015-08-24,138.58
2015-08-25,137.64
2015-08-26,142.72
2015-08-27,143.9
2015-08-28,144.21
2015-08-31,142.14
2015-09-01,138.5
2015-09-02,141.24
2015-09-03,141.74
2015-09-04,139.84
2015-09-08,143.43
2015-09-09,140.86
2015-09-10,140.78
2015-09-11,141.26
2015-09-14,140.81
2015-09-15,143.6
2015-09-16,144.2
2015-09-17,142.95
2015-09-18,139.62
2015-09-21,140.04
2015-09-22,138.02
2015-09-23,137.66
2015-09-24,137.58
2015-09-25,139.56
2015-09-28,138.38
2015-09-29,141.55
2015-09-30,141.77
2015-10-01,140.8
2015-10-02,143.2
2015-10-05,146.32
2015-10-06,145.79
2015-10-07,147.54
2015-10-08,149.48
2015-10-09,149.9
2015-10-12,150.06
2015-10-13,149.11
2015-10-14,148.32
2015-10-15,149.19
2015-10-16,148.7
2015-10-19,148.0
2015-10-20,149.11
2015-10-21,149.82
2015-10-22,156.0
2015-10-23,155.79
2015-10-26,156.54
2015-10-27,156.73
2015-10-28,158.08
2015-10-29,157.61
2015-10-30,157.21
2015-11-02,159.92
2015-11-03,158.75
2015-11-04,158.91
2015-11-05,158.99
2015-11-06,159.26
2015-11-09,157.47
2015-11-10,157.59
2015-11-11,159.05
2015-11-12,156.3
2015-11-13,155.65
2015-11-16,158.21
2015-11-17,157.03
2015-11-18,157.39
2015-11-19,158.38
2015-11-20,158.95
2015-11-23,158.65
2015-11-24,157.75
2015-11-25,157.63
2015-11-27,157.99
2015-11-30,156.58
2015-12-01,156.9
2015-12-02,155.7
2015-12-03,154.38
2015-12-04,158.22
2015-12-07,157.75
2015-12-08,156.79
2015-12-09,156.05
2015-12-10,157.52
2015-12-11,154.83
2015-12-14,157.63
2015-12-15,148.13
2015-12-16,149.95
2015-12-17,148.85
2015-12-18,146.92
2015-12-21,147.48
2015-12-22,148.97
2015-12-23,151.16
2015-12-24,151.19
2015-12-28,151.22
2015-12-29,152.89
2015-12-30,151.91
2015-12-31,150.64
2016-01-04,146.82
2016-01-05,147.46
2016-01-06,144.49
2016-01-07,140.97
2016-01-08,140.49
2016-01-11,140.46
2016-01-12,140.86
2016-01-13,138.72
2016-01-14,141.18
2016-01-15,138.69
2016-01-19,138.39
2016-01-20,136.96
2016-01-21,137.76
2016-01-22,139.52
2016-01-25,137.57
2016-01-26,144.78
2016-01-27,145.55
2016-01-28,147.32
2016-01-29,151.0
2016-02-01,148.73
2016-02-02,147.87
2016-02-03,152.52
2016-02-04,153.44
2016-02-05,153.47
2016-02-08,153.9
2016-02-09,154.74
2016-02-10,152.45
2016-02-11,150.67
2016-02-12,153.96
2016-02-16,155.53
2016-02-17,156.62
2016-02-18,156.78
2016-02-19,156.45
2016-02-22,157.7
2016-02-23,156.17
2016-02-24,157.22
2016-02-25,158.99
2016-02-26,158.27
2016-02-29,156.87
2016-03-01,159.59
2016-03-02,159.41
2016-03-03,159.38
2016-03-04,160.07
2016-03-07,160.57
2016-03-08,160.2
2016-03-09,160.09
2016-03-10,159.89
2016-03-11,161.88
2016-03-14,161.81
2016-03-15,162.41
2016-03-16,162.89
2016-03-17,163.75
2016-03-18,165.33
2016-03-21,164.84
2016-03-22,164.91
2016-03-23,164.27
2016-03-24,164.46
2016-03-28,166.28
2016-03-29,164.39
2016-03-30,166.75
2016-03-31,166.63
2016-04-01,167.53
2016-04-04,166.4
2016-04-05,165.81
2016-04-06,166.81
2016-04-07,167.16
2016-04-08,166.63
2016-04-11,166.59
2016-04-12,168.03
2016-04-13,168.59
2016-04-14,168.16
2016-04-15,168.78
2016-04-18,169.55
2016-04-19,169.65
2016-04-20,168.94
2016-04-21,168.66
2016-04-22,168.66
2016-04-25,168.38
2016-04-26,166.18
2016-04-27,167.76
2016-04-28,167.0
2016-04-29,167.38
2016-05-02,168.34
2016-05-03,167.97
2016-05-04,167.16
2016-05-05,167.77
2016-05-06,168.89
2016-05-09,168.52
2016-05-10,170.26
2016-05-11,169.77
2016-05-12,170.15
2016-05-13,168.32
2016-05-16,169.55
2016-05-17,167.81
2016-05-18,166.82
2016-05-19,165.11
2016-05-20,165.01
2016-05-23,166.11
2016-05-24,168.63
2016-05-25,169.99
2016-05-26,168.91
2016-05-27,168.89
2016-05-31,168.32
2016-06-01,168.69
2016-06-02,168.04
2016-06-03,168.38
2016-06-06,170.08
2016-06-07,170.91
2016-06-08,171.42
2016-06-09,170.13
2016-06-10,168.56
2016-06-13,167.13
2016-06-14,167.61
2016-06-15,167.8
2016-06-16,169.93
2016-06-17,168.94
2016-06-20,171.23
2016-06-21,171.37
2016-06-22,171.23
2016-06-23,174.11
2016-06-24,169.12
2016-06-27,167.19
2016-06-28,169.59
2016-06-29,171.52
2016-06-30,175.12
2016-07-01,175.54
2016-07-05,175.63
2016-07-06,175.16
2016-07-07,174.87
2016-07-08,177.12
2016-07-11,178.01
2016-07-12,179.16
2016-07-13,179.21
2016-07-14,180.9
2016-07-15,181.4
2016-07-18,181.11
2016-07-19,181.24
2016-07-20,181.42
2016-07-21,180.26
2016-07-22,180.44
2016-07-25,179.63
2016-07-26,177.66
2016-07-27,178.27
2016-07-28,177.98
2016-07-29,178.36
2016-08-01,178.29
2016-08-02,178.36
2016-08-03,178.38
2016-08-04,177.81
2016-08-05,178.57
2016-08-08,178.58
2016-08-09,178.39
2016-08-10,178.82
2016-08-11,181.0
2016-08-12,180.27
2016-08-15,180.56
2016-08-16,179.25
2016-08-17,179.87
2016-08-18,179.18
2016-08-19,179.61
2016-08-22,179.07
2016-08-23,179.77
2016-08-24,179.41
2016-08-25,179.58
2016-08-26,179.41
2016-08-29,180.5
2016-08-30,180.15
2016-08-31,179.24
2016-09-01,179.98
2016-09-02,180.81
2016-09-06,180.46
2016-09-07,179.75
2016-09-08,180.1
2016-09-09,175.64
2016-09-12,178.1
2016-09-13,176.07
2016-09-14,175.62
2016-09-15,176.59
2016-09-16,175.06
2016-09-19,176.72
2016-09-20,177.6
2016-09-21,179.59
2016-09-22,179.85
2016-09-23,177.39
2016-09-26,175.95
2016-09-27,176.3
2016-09-28,177.59
2016-09-29,175.37
2016-09-30,176.23
2016-10-03,175.04
2016-10-04,171.68
2016-10-05,172.39
2016-10-06,171.64
2016-10-07,171.33
2016-10-10,171.14
2016-10-11,169.68
2016-10-12,169.72
2016-10-13,170.02
2016-10-14,170.33
2016-10-17,170.21
2016-10-18,169.95
2016-10-19,169.91
2016-10-20,169.86
2016-10-21,169.5
2016-10-24,171.27
2016-10-25,166.23
2016-10-26,166.51
2016-10-27,165.76
2016-10-28,165.77
2016-10-31,165.3
2016-11-01,164.25
2016-11-02,165.73
2016-11-03,166.83
2016-11-04,166.48
2016-11-07,169.74
2016-11-08,171.03
2016-11-09,170.39
2016-11-10,174.28
2016-11-11,175.08
2016-11-14,172.91
2016-11-15,174.24
2016-11-16,172.01
2016-11-17,172.77
2016-11-18,172.96
2016-11-21,171.52
2016-11-22,171.91
2016-11-23,172.25
2016-11-25,173.49
2016-11-28,172.5
2016-11-29,172.77
2016-11-30,171.74
2016-12-01,172.63
2016-12-02,172.43
2016-12-05,171.62
2016-12-06,171.8
2016-12-07,176.05
2016-12-08,175.88
2016-12-09,178.49
2016-12-12,179.64
2016-12-13,178.83
2016-12-14,176.6
2016-12-15,176.02
2016-12-16,177.45
2016-12-19,178.16
2016-12-20,178.65
2016-12-21,178.43
2016-12-22,179.2
2016-12-23,178.75
2016-12-27,178.92
2016-12-28,178.08
2016-12-29,178.41
2016-12-30,178.57
